Workbook

Sheet Read Me
A1: Payment Reco - Test Case Workbook
A3: Purpose | B3: Manual test cases covering the whole Payment Reco application (login, users, uploads, sync, rate card, reconciliation engine, results, UI and security).
A4: How to use | B4: 1. Go to the 'Test Cases' sheet. 2. Run each case in order (or filter by Module / Priority). 3. Set Status from the dropdown: Not Run, Pass, Fail, Blocked. 4. Fill Actual result, Tester and Date for anything that is not a clean Pass. 5. Check the 'Summary' sheet for live counts.
A5: Calc Test Data | B5: Sheet with worked freight examples. Type what the app shows in the yellow column; the sheet tells you if it is within the tolerance. Rates in blue come from the standard rate card - change them if you upload a different card.
A6: Status Rules | B6: Every MIS status vs shipment status combination and the result you should see.
A7: Types | B7: Positive, Negative, Edge, Security, UI, Data, Performance, Regression, Reliability, Compatibility, Accessibility.
A8: Priority | B8: High = must pass before release. Medium = should pass. Low = nice to have.
A9: MIS test data | B9: Ready-made upload files are in D:\payment_reco\app\test-data (MIS_Test_Data.xlsx plus two shipment files). They cover 75 scenarios with known expected results.
A10: Test environment | B10: App: http://localhost:5173 API: http://localhost:4000 Test with an admin and at least one normal user (View only).
A11: Assumptions | B11: Expected results are based on the current app rules: 0.5 kg slabs, 18% GST, Rs 1 freight tolerance, COD = MAX(flat, % of amount) except on RTO, grams-to-kg conversion, strict status matching. Update them here if the rules change.
A12: Legend | B12: Yellow cells are for you to fill. Blue text = input values you may change. Black text = formulas.

Sheet Summary
A1: Test execution summary
A3: Module | B3: Total | C3: Pass | D3: Fail | E3: Blocked | F3: Not Run | G3: % Pass of run
A4: Login & session | B4: =COUNTIF('Test Cases'!$B$2:$B$231,A4) | C4: =COUNTIFS('Test Cases'!$B$2:$B$231,A4,'Test Cases'!$J$2:$J$231,"Pass") | D4: =COUNTIFS('Test Cases'!$B$2:$B$231,A4,'Test Cases'!$J$2:$J$231,"Fail") | E4: =COUNTIFS('Test Cases'!$B$2:$B$231,A4,'Test Cases'!$J$2:$J$231,"Blocked") | F4: =COUNTIFS('Test Cases'!$B$2:$B$231,A4,'Test Cases'!$J$2:$J$231,"Not Run") | G4: =IF((C4+D4)=0,0,C4/(C4+D4))
A5: Change password | B5: =COUNTIF('Test Cases'!$B$2:$B$231,A5) | C5: =COUNTIFS('Test Cases'!$B$2:$B$231,A5,'Test Cases'!$J$2:$J$231,"Pass") | D5: =COUNTIFS('Test Cases'!$B$2:$B$231,A5,'Test Cases'!$J$2:$J$231,"Fail") | E5: =COUNTIFS('Test Cases'!$B$2:$B$231,A5,'Test Cases'!$J$2:$J$231,"Blocked") | F5: =COUNTIFS('Test Cases'!$B$2:$B$231,A5,'Test Cases'!$J$2:$J$231,"Not Run") | G5: =IF((C5+D5)=0,0,C5/(C5+D5))
A6: User management (admin) | B6: =COUNTIF('Test Cases'!$B$2:$B$231,A6) | C6: =COUNTIFS('Test Cases'!$B$2:$B$231,A6,'Test Cases'!$J$2:$J$231,"Pass") | D6: =COUNTIFS('Test Cases'!$B$2:$B$231,A6,'Test Cases'!$J$2:$J$231,"Fail") | E6: =COUNTIFS('Test Cases'!$B$2:$B$231,A6,'Test Cases'!$J$2:$J$231,"Blocked") | F6: =COUNTIFS('Test Cases'!$B$2:$B$231,A6,'Test Cases'!$J$2:$J$231,"Not Run") | G6: =IF((C6+D6)=0,0,C6/(C6+D6))
A7: Permissions matrix | B7: =COUNTIF('Test Cases'!$B$2:$B$231,A7) | C7: =COUNTIFS('Test Cases'!$B$2:$B$231,A7,'Test Cases'!$J$2:$J$231,"Pass") | D7: =COUNTIFS('Test Cases'!$B$2:$B$231,A7,'Test Cases'!$J$2:$J$231,"Fail") | E7: =COUNTIFS('Test Cases'!$B$2:$B$231,A7,'Test Cases'!$J$2:$J$231,"Blocked") | F7: =COUNTIFS('Test Cases'!$B$2:$B$231,A7,'Test Cases'!$J$2:$J$231,"Not Run") | G7: =IF((C7+D7)=0,0,C7/(C7+D7))
A8: MIS upload | B8: =COUNTIF('Test Cases'!$B$2:$B$231,A8) | C8: =COUNTIFS('Test Cases'!$B$2:$B$231,A8,'Test Cases'!$J$2:$J$231,"Pass") | D8: =COUNTIFS('Test Cases'!$B$2:$B$231,A8,'Test Cases'!$J$2:$J$231,"Fail") | E8: =COUNTIFS('Test Cases'!$B$2:$B$231,A8,'Test Cases'!$J$2:$J$231,"Blocked") | F8: =COUNTIFS('Test Cases'!$B$2:$B$231,A8,'Test Cases'!$J$2:$J$231,"Not Run") | G8: =IF((C8+D8)=0,0,C8/(C8+D8))
A9: Shipment data upload | B9: =COUNTIF('Test Cases'!$B$2:$B$231,A9) | C9: =COUNTIFS('Test Cases'!$B$2:$B$231,A9,'Test Cases'!$J$2:$J$231,"Pass") | D9: =COUNTIFS('Test Cases'!$B$2:$B$231,A9,'Test Cases'!$J$2:$J$231,"Fail") | E9: =COUNTIFS('Test Cases'!$B$2:$B$231,A9,'Test Cases'!$J$2:$J$231,"Blocked") | F9: =COUNTIFS('Test Cases'!$B$2:$B$231,A9,'Test Cases'!$J$2:$J$231,"Not Run") | G9: =IF((C9+D9)=0,0,C9/(C9+D9))
A10: Sync from Kwikship API | B10: =COUNTIF('Test Cases'!$B$2:$B$231,A10) | C10: =COUNTIFS('Test Cases'!$B$2:$B$231,A10,'Test Cases'!$J$2:$J$231,"Pass") | D10: =COUNTIFS('Test Cases'!$B$2:$B$231,A10,'Test Cases'!$J$2:$J$231,"Fail") | E10: =COUNTIFS('Test Cases'!$B$2:$B$231,A10,'Test Cases'!$J$2:$J$231,"Blocked") | F10: =COUNTIFS('Test Cases'!$B$2:$B$231,A10,'Test Cases'!$J$2:$J$231,"Not Run") | G10: =IF((C10+D10)=0,0,C10/(C10+D10))
A11: Zone reference | B11: =COUNTIF('Test Cases'!$B$2:$B$231,A11) | C11: =COUNTIFS('Test Cases'!$B$2:$B$231,A11,'Test Cases'!$J$2:$J$231,"Pass") | D11: =COUNTIFS('Test Cases'!$B$2:$B$231,A11,'Test Cases'!$J$2:$J$231,"Fail") | E11: =COUNTIFS('Test Cases'!$B$2:$B$231,A11,'Test Cases'!$J$2:$J$231,"Blocked") | F11: =COUNTIFS('Test Cases'!$B$2:$B$231,A11,'Test Cases'!$J$2:$J$231,"Not Run") | G11: =IF((C11+D11)=0,0,C11/(C11+D11))
A12: Rate card | B12: =COUNTIF('Test Cases'!$B$2:$B$231,A12) | C12: =COUNTIFS('Test Cases'!$B$2:$B$231,A12,'Test Cases'!$J$2:$J$231,"Pass") | D12: =COUNTIFS('Test Cases'!$B$2:$B$231,A12,'Test Cases'!$J$2:$J$231,"Fail") | E12: =COUNTIFS('Test Cases'!$B$2:$B$231,A12,'Test Cases'!$J$2:$J$231,"Blocked") | F12: =COUNTIFS('Test Cases'!$B$2:$B$231,A12,'Test Cases'!$J$2:$J$231,"Not Run") | G12: =IF((C12+D12)=0,0,C12/(C12+D12))
A13: Reconciliation engine (calculations) | B13: =COUNTIF('Test Cases'!$B$2:$B$231,A13) | C13: =COUNTIFS('Test Cases'!$B$2:$B$231,A13,'Test Cases'!$J$2:$J$231,"Pass") | D13: =COUNTIFS('Test Cases'!$B$2:$B$231,A13,'Test Cases'!$J$2:$J$231,"Fail") | E13: =COUNTIFS('Test Cases'!$B$2:$B$231,A13,'Test Cases'!$J$2:$J$231,"Blocked") | F13: =COUNTIFS('Test Cases'!$B$2:$B$231,A13,'Test Cases'!$J$2:$J$231,"Not Run") | G13: =IF((C13+D13)=0,0,C13/(C13+D13))
A14: Reconciliation runs list | B14: =COUNTIF('Test Cases'!$B$2:$B$231,A14) | C14: =COUNTIFS('Test Cases'!$B$2:$B$231,A14,'Test Cases'!$J$2:$J$231,"Pass") | D14: =COUNTIFS('Test Cases'!$B$2:$B$231,A14,'Test Cases'!$J$2:$J$231,"Fail") | E14: =COUNTIFS('Test Cases'!$B$2:$B$231,A14,'Test Cases'!$J$2:$J$231,"Blocked") | F14: =COUNTIFS('Test Cases'!$B$2:$B$231,A14,'Test Cases'!$J$2:$J$231,"Not Run") | G14: =IF((C14+D14)=0,0,C14/(C14+D14))
A15: Run results page | B15: =COUNTIF('Test Cases'!$B$2:$B$231,A15) | C15: =COUNTIFS('Test Cases'!$B$2:$B$231,A15,'Test Cases'!$J$2:$J$231,"Pass") | D15: =COUNTIFS('Test Cases'!$B$2:$B$231,A15,'Test Cases'!$J$2:$J$231,"Fail") | E15: =COUNTIFS('Test Cases'!$B$2:$B$231,A15,'Test Cases'!$J$2:$J$231,"Blocked") | F15: =COUNTIFS('Test Cases'!$B$2:$B$231,A15,'Test Cases'!$J$2:$J$231,"Not Run") | G15: =IF((C15+D15)=0,0,C15/(C15+D15))
... A18: Reliability & data integrity | B18: =COUNTIF('Test Cases'!$B$2:$B$231,A18) | C18: =COUNTIFS('Test Cases'!$B$2:$B$231,A18,'Test Cases'!$J$2:$J$231,"Pass") | D18: =COUNTIFS('Test Cases'!$B$2:$B$231,A18,'Test Cases'!$J$2:$J$231,"Fail") | E18: =COUNTIFS('Test Cases'!$B$2:$B$231,A18,'Test Cases'!$J$2:$J$231,"Blocked") | F18: =COUNTIFS('Test Cases'!$B$2:$B$231,A18,'Test Cases'!$J$2:$J$231,"Not Run") | G18: =IF((C18+D18)=0,0,C18/(C18+D18))
A19: TOTAL | B19: =SUM(B4:B18) | C19: =SUM(C4:C18) | D19: =SUM(D4:D18) | E19: =SUM(E4:E18) | F19: =SUM(F4:F18) | G19: =IF((C19+D19)=0,0,C19/(C19+D19))
A21: By priority
A22: Priority | B22: Total | C22: Pass | D22: Fail | E22: Blocked | F22: Not Run
A23: High | B23: =COUNTIF('Test Cases'!$E$2:$E$231,A23) | C23: =COUNTIFS('Test Cases'!$E$2:$E$231,$A23,'Test Cases'!$J$2:$J$231,"Pass") | D23: =COUNTIFS('Test Cases'!$E$2:$E$231,$A23,'Test Cases'!$J$2:$J$231,"Fail") | E23: =COUNTIFS('Test Cases'!$E$2:$E$231,$A23,'Test Cases'!$J$2:$J$231,"Blocked") | F23: =COUNTIFS('Test Cases'!$E$2:$E$231,$A23,'Test Cases'!$J$2:$J$231,"Not Run")
A24: Medium | B24: =COUNTIF('Test Cases'!$E$2:$E$231,A24) | C24: =COUNTIFS('Test Cases'!$E$2:$E$231,$A24,'Test Cases'!$J$2:$J$231,"Pass") | D24: =COUNTIFS('Test Cases'!$E$2:$E$231,$A24,'Test Cases'!$J$2:$J$231,"Fail") | E24: =COUNTIFS('Test Cases'!$E$2:$E$231,$A24,'Test Cases'!$J$2:$J$231,"Blocked") | F24: =COUNTIFS('Test Cases'!$E$2:$E$231,$A24,'Test Cases'!$J$2:$J$231,"Not Run")
A25: Low | B25: =COUNTIF('Test Cases'!$E$2:$E$231,A25) | C25: =COUNTIFS('Test Cases'!$E$2:$E$231,$A25,'Test Cases'!$J$2:$J$231,"Pass") | D25: =COUNTIFS('Test Cases'!$E$2:$E$231,$A25,'Test Cases'!$J$2:$J$231,"Fail") | E25: =COUNTIFS('Test Cases'!$E$2:$E$231,$A25,'Test Cases'!$J$2:$J$231,"Blocked") | F25: =COUNTIFS('Test Cases'!$E$2:$E$231,$A25,'Test Cases'!$J$2:$J$231,"Not Run")
A27: Calculation and status-rule sheets are tracked separately on their own sheets (PASS/FAIL columns).

Sheet Test Cases
A1: Test ID | B1: Module | C1: Scenario | D1: Type | E1: Priority | F1: Preconditions | G1: Test steps | H1: Test data | I1: Expected result | J1: Status | K1: Actual result | L1: Tester | M1: Date | N1: Remarks
A2: AUTH-01 | B2: Login & session | C2: Login with valid email and password | D2: Positive | E2: High | F2: Active user exists; REQUIRE_OTP=false | G2: 1. Open /login 2. Enter valid email and password 3. Click Sign In | H2: tech@pokonut.com / valid password | I2: 'Login successful' toast shows and stays after redirect. User lands on MIS Upload. Sidebar shows the user's email and role. | J2: Not Run
A3: AUTH-02 | B3: Login & session | C3: Wrong password | D3: Negative | E3: High | F3: Active user exists | G3: 1. Enter valid email, wrong password 2. Click Sign In | H3: Any wrong password | I3: Error toast 'Invalid email or password.' User stays on login page. No session created. | J3: Not Run
A4: AUTH-03 | B4: Login & session | C4: Unknown email | D4: Negative | E4: High | F4: - | G4: 1. Enter an email that is not registered 2. Click Sign In | H4: nobody@pokonut.com | I4: Same generic message as wrong password (does not reveal whether the email exists). | J4: Not Run
A5: AUTH-04 | B5: Login & session | C5: Empty email and password | D5: Negative | E5: High | F5: - | G5: 1. Leave both fields empty 2. Click Sign In | H5: - | I5: Warning toast 'Missing details'. No API call is made. Button stays full colour (not greyed out). | J5: Not Run
A6: AUTH-05 | B6: Login & session | C6: Email only, no password | D6: Negative | E6: Medium | F6: - | G6: 1. Enter email only 2. Click Sign In | H6: - | I6: Warning toast 'Missing details'. | J6: Not Run
A7: AUTH-06 | B7: Login & session | C7: Password only, no email | D7: Negative | E7: Medium | F7: - | G7: 1. Enter password only 2. Click Sign In | H7: - | I7: Warning toast 'Missing details'. | J7: Not Run
A8: AUTH-07 | B8: Login & session | C8: Show/hide password eye icon | D8: Positive | E8: Medium | F8: - | G8: 1. Type a password 2. Click the eye icon 3. Click it again | H8: - | I8: Password becomes visible, then hidden again. Password box is the same width as the email box. | J8: Not Run
A9: AUTH-08 | B9: Login & session | C9: Submit with Enter key | D9: Positive | E9: Low | F9: - | G9: 1. Fill both fields 2. Press Enter in the password field | H9: - | I9: Same result as clicking Sign In. | J9: Not Run
A10: AUTH-09 | B10: Login & session | C10: Email is case-insensitive | D10: Edge | E10: Medium | F10: User tech@pokonut.com exists | G10: 1. Enter TECH@Pokonut.COM and the correct password | H10: TECH@Pokonut.COM | I10: Login succeeds. | J10: Not Run
A11: AUTH-10 | B11: Login & session | C11: Email with leading/trailing spaces | D11: Edge | E11: Low | F11: - | G11: 1. Enter ' tech@pokonut.com ' with spaces 2. Sign in | H11: - | I11: Login succeeds or shows a clear validation message (no crash). | J11: Not Run
A12: AUTH-11 | B12: Login & session | C12: Deactivated user cannot log in | D12: Negative | E12: High | F12: A user with Active = off | G12: 1. Log in as the deactivated user | H12: - | I12: Login is refused with an error. No session cookie set. | J12: Not Run
A13: AUTH-12 | B13: Login & session | C13: Repeated failed logins are rate limited | D13: Security | E13: High | F13: - | G13: 1. Submit wrong passwords many times in a row | H13: 10+ attempts within a minute | I13: Server responds with 429 / too many attempts message. Normal login works again after the window. | J13: Not Run
... A231: REL-08 | B231: Reliability & data integrity | C231: Indian number formatting | D231: UI | E231: Low | F231: - | G231: 1. Check large amounts | H231: - | I231: Formatted like 44,859.12 with the rupee sign. | J231: Not Run

Sheet Calc Test Data
A1: Freight calculation worked examples
A2: Rules: slabs = ROUNDUP(weight / 0.5); forward = slabs x rate; RTO adds slabs x RTO rate; COD = MAX(flat, % x amount) only for COD and not RTO; total = gross x (1 + GST).
A3: GST rate | B3: 0.18 | D3: Rates (blue) are from Schedule_B_Commercials_Pricing.xlsx as loaded in the app on 13-Sep-2026. If you upload a new rate card, update the blue cells. Bluedart RTO rates were not part of the sample, so no Bluedart RTO case is included.
A4: Tolerance (Rs) | B4: 1
A6: Case ID | B6: Scenario | C6: Mode | D6: Courier group | E6: Zone | F6: Weight (kg) | G6: Outcome | H6: Payment | I6: Collectable amount (Rs) | J6: Forward rate | K6: RTO rate | L6: COD flat | M6: COD % | N6: Slabs | O6: Forward freight | P6: RTO freight | Q6: COD charge | R6: Gross freight | S6: Expected total (with GST) | T6: App total (you type) | U6: Difference | V6: Result
A7: CALC-01 | B7: Surface A, 0.5 kg, prepaid delivered | C7: SURFACE | D7: ALL | E7: A | F7: 0.5 | G7: Delivered | H7: PREPAID | I7: 0 | J7: 20 | K7: 18 | L7: 15 | M7: 0.011 | N7: =ROUNDUP(F7/0.5,0) | O7: =N7*J7 | P7: =IF(G7="RTO",N7*K7,0) | Q7: =IF(AND(H7="COD",G7<>"RTO"),MAX(L7,M7*I7),0) | R7: =O7+P7+Q7 | S7: =ROUND(R7*(1+$B$3),2) | U7: =IF(T7="","",ROUND(T7-S7,2)) | V7: =IF(T7="","",IF(ABS(U7)<=$B$4,"PASS","FAIL"))
A8: CALC-02 | B8: Surface A, 0.6 kg -> 2 slabs | C8: SURFACE | D8: ALL | E8: A | F8: 0.6 | G8: Delivered | H8: PREPAID | I8: 0 | J8: 20 | K8: 18 | L8: 15 | M8: 0.011 | N8: =ROUNDUP(F8/0.5,0) | O8: =N8*J8 | P8: =IF(G8="RTO",N8*K8,0) | Q8: =IF(AND(H8="COD",G8<>"RTO"),MAX(L8,M8*I8),0) | R8: =O8+P8+Q8 | S8: =ROUND(R8*(1+$B$3),2) | U8: =IF(T8="","",ROUND(T8-S8,2)) | V8: =IF(T8="","",IF(ABS(U8)<=$B$4,"PASS","FAIL"))
A9: CALC-03 | B9: Surface B, exactly 1.0 kg -> 2 slabs | C9: SURFACE | D9: ALL | E9: B | F9: 1 | G9: Delivered | H9: PREPAID | I9: 0 | J9: 22 | K9: 20 | L9: 15 | M9: 0.011 | N9: =ROUNDUP(F9/0.5,0) | O9: =N9*J9 | P9: =IF(G9="RTO",N9*K9,0) | Q9: =IF(AND(H9="COD",G9<>"RTO"),MAX(L9,M9*I9),0) | R9: =O9+P9+Q9 | S9: =ROUND(R9*(1+$B$3),2) | U9: =IF(T9="","",ROUND(T9-S9,2)) | V9: =IF(T9="","",IF(ABS(U9)<=$B$4,"PASS","FAIL"))
A10: CALC-04 | B10: Surface C, 1.01 kg -> 3 slabs | C10: SURFACE | D10: ALL | E10: C | F10: 1.01 | G10: Delivered | H10: PREPAID | I10: 0 | J10: 29 | K10: 27 | L10: 15 | M10: 0.011 | N10: =ROUNDUP(F10/0.5,0) | O10: =N10*J10 | P10: =IF(G10="RTO",N10*K10,0) | Q10: =IF(AND(H10="COD",G10<>"RTO"),MAX(L10,M10*I10),0) | R10: =O10+P10+Q10 | S10: =ROUND(R10*(1+$B$3),2) | U10: =IF(T10="","",ROUND(T10-S10,2)) | V10: =IF(T10="","",IF(ABS(U10)<=$B$4,"PASS","FAIL"))
A11: CALC-05 | B11: Surface D, 0.1 kg (100 g) -> 1 slab | C11: SURFACE | D11: ALL | E11: D | F11: 0.1 | G11: Delivered | H11: PREPAID | I11: 0 | J11: 33 | K11: 31 | L11: 15 | M11: 0.011 | N11: =ROUNDUP(F11/0.5,0) | O11: =N11*J11 | P11: =IF(G11="RTO",N11*K11,0) | Q11: =IF(AND(H11="COD",G11<>"RTO"),MAX(L11,M11*I11),0) | R11: =O11+P11+Q11 | S11: =ROUND(R11*(1+$B$3),2) | U11: =IF(T11="","",ROUND(T11-S11,2)) | V11: =IF(T11="","",IF(ABS(U11)<=$B$4,"PASS","FAIL"))
A12: CALC-06 | B12: Surface E, 2.5 kg -> 5 slabs | C12: SURFACE | D12: ALL | E12: E | F12: 2.5 | G12: Delivered | H12: PREPAID | I12: 0 | J12: 39 | K12: 37 | L12: 15 | M12: 0.011 | N12: =ROUNDUP(F12/0.5,0) | O12: =N12*J12 | P12: =IF(G12="RTO",N12*K12,0) | Q12: =IF(AND(H12="COD",G12<>"RTO"),MAX(L12,M12*I12),0) | R12: =O12+P12+Q12 | S12: =ROUND(R12*(1+$B$3),2) | U12: =IF(T12="","",ROUND(T12-S12,2)) | V12: =IF(T12="","",IF(ABS(U12)<=$B$4,"PASS","FAIL"))
A13: CALC-07 | B13: Surface A COD 500 -> flat Rs 15 wins | C13: SURFACE | D13: ALL | E13: A | F13: 0.5 | G13: Delivered | H13: COD | I13: 500 | J13: 20 | K13: 18 | L13: 15 | M13: 0.011 | N13: =ROUNDUP(F13/0.5,0) | O13: =N13*J13 | P13: =IF(G13="RTO",N13*K13,0) | Q13: =IF(AND(H13="COD",G13<>"RTO"),MAX(L13,M13*I13),0) | R13: =O13+P13+Q13 | S13: =ROUND(R13*(1+$B$3),2) | U13: =IF(T13="","",ROUND(T13-S13,2)) | V13: =IF(T13="","",IF(ABS(U13)<=$B$4,"PASS","FAIL"))
A14: CALC-08 | B14: Surface A COD 2000 -> 1.1% = 22 wins | C14: SURFACE | D14: ALL | E14: A | F14: 0.5 | G14: Delivered | H14: COD | I14: 2000 | J14: 20 | K14: 18 | L14: 15 | M14: 0.011 | N14: =ROUNDUP(F14/0.5,0) | O14: =N14*J14 | P14: =IF(G14="RTO",N14*K14,0) | Q14: =IF(AND(H14="COD",G14<>"RTO"),MAX(L14,M14*I14),0) | R14: =O14+P14+Q14 | S14: =ROUND(R14*(1+$B$3),2) | U14: =IF(T14="","",ROUND(T14-S14,2)) | V14: =IF(T14="","",IF(ABS(U14)<=$B$4,"PASS","FAIL"))
A15: CALC-09 | B15: Surface C COD 1500 -> 1.1% = 16.5 | C15: SURFACE | D15: ALL | E15: C | F15: 0.5 | G15: Delivered | H15: COD | I15: 1500 | J15: 29 | K15: 27 | L15: 15 | M15: 0.011 | N15: =ROUNDUP(F15/0.5,0) | O15: =N15*J15 | P15: =IF(G15="RTO",N15*K15,0) | Q15: =IF(AND(H15="COD",G15<>"RTO"),MAX(L15,M15*I15),0) | R15: =O15+P15+Q15 | S15: =ROUND(R15*(1+$B$3),2) | U15: =IF(T15="","",ROUND(T15-S15,2)) | V15: =IF(T15="","",IF(ABS(U15)<=$B$4,"PASS","FAIL"))
A16: CALC-10 | B16: Surface D RTO prepaid 0.5 kg | C16: SURFACE | D16: ALL | E16: D | F16: 0.5 | G16: RTO | H16: PREPAID | I16: 0 | J16: 33 | K16: 31 | L16: 15 | M16: 0.011 | N16: =ROUNDUP(F16/0.5,0) | O16: =N16*J16 | P16: =IF(G16="RTO",N16*K16,0) | Q16: =IF(AND(H16="COD",G16<>"RTO"),MAX(L16,M16*I16),0) | R16: =O16+P16+Q16 | S16: =ROUND(R16*(1+$B$3),2) | U16: =IF(T16="","",ROUND(T16-S16,2)) | V16: =IF(T16="","",IF(ABS(U16)<=$B$4,"PASS","FAIL"))
A17: CALC-11 | B17: Surface D RTO prepaid 0.6 kg (AWB 49582213939574 from run 17) | C17: SURFACE | D17: ALL | E17: D | F17: 0.6 | G17: RTO | H17: PREPAID | I17: 0 | J17: 33 | K17: 31 | L17: 15 | M17: 0.011 | N17: =ROUNDUP(F17/0.5,0) | O17: =N17*J17 | P17: =IF(G17="RTO",N17*K17,0) | Q17: =IF(AND(H17="COD",G17<>"RTO"),MAX(L17,M17*I17),0) | R17: =O17+P17+Q17 | S17: =ROUND(R17*(1+$B$3),2) | U17: =IF(T17="","",ROUND(T17-S17,2)) | V17: =IF(T17="","",IF(ABS(U17)<=$B$4,"PASS","FAIL"))
A18: CALC-12 | B18: Surface B RTO but COD order -> no COD charge | C18: SURFACE | D18: ALL | E18: B | F18: 0.5 | G18: RTO | H18: COD | I18: 800 | J18: 22 | K18: 20 | L18: 15 | M18: 0.011 | N18: =ROUNDUP(F18/0.5,0) | O18: =N18*J18 | P18: =IF(G18="RTO",N18*K18,0) | Q18: =IF(AND(H18="COD",G18<>"RTO"),MAX(L18,M18*I18),0) | R18: =O18+P18+Q18 | S18: =ROUND(R18*(1+$B$3),2) | U18: =IF(T18="","",ROUND(T18-S18,2)) | V18: =IF(T18="","",IF(ABS(U18)<=$B$4,"PASS","FAIL"))
... A27: CALC-21 | B27: Bluedart surface C, 0.7 kg prepaid | C27: SURFACE | D27: BLUEDART | E27: C | F27: 0.7 | G27: Delivered | H27: PREPAID | I27: 0 | J27: 34 | K27: 0 | L27: 15 | M27: 0.011 | N27: =ROUNDUP(F27/0.5,0) | O27: =N27*J27 | P27: =IF(G27="RTO",N27*K27,0) | Q27: =IF(AND(H27="COD",G27<>"RTO"),MAX(L27,M27*I27),0) | R27: =O27+P27+Q27 | S27: =ROUND(R27*(1+$B$3),2) | U27: =IF(T27="","",ROUND(T27-S27,2)) | V27: =IF(T27="","",IF(ABS(U27)<=$B$4,"PASS","FAIL"))
A29: How to use: to test a case, create/upload a shipment and MIS row with these values, run the reconciliation, then type the app's 'Total freight (Calc)' into the yellow column.

Sheet Status Rules
A1: Status comparison rules
A2: MIS 'Delivered' matches only API 'delivered'. MIS 'RTO' matches only 'rto_delivered' or 'return_delivered'. Any 'lost' status or 'rto_...' status other than rto_delivered becomes LOST (freight is not calculated).
A4: Case ID | B4: MIS status | C4: Shipment (API) status | D4: Expected result | E4: Reason | F4: Actual result (you fill) | G4: Pass / Fail
A5: STS-01 | B5: Delivered | C5: delivered | D5: Status matches | E5: Exact match
A6: STS-02 | B6: Delivered | C6: in_transit | D6: STATUS_MISMATCH | E6: Not delivered yet
A7: STS-03 | B7: Delivered | C7: rto_delivered | D7: STATUS_MISMATCH | E7: Shipment came back
A8: STS-04 | B8: Delivered | C8: out_for_delivery | D8: STATUS_MISMATCH | E8: Not final
A9: STS-05 | B9: Delivered | C9: lost | D9: LOST | E9: Lost overrides everything
A10: STS-06 | B10: RTO | C10: rto_delivered | D10: Status matches | E10: RTO group
A11: STS-07 | B11: RTO | C11: return_delivered | D11: Status matches | E11: RTO group
A12: STS-08 | B12: RTO | C12: delivered | D12: STATUS_MISMATCH | E12: MIS says RTO, API says delivered
A13: STS-09 | B13: RTO | C13: rto_in_transit | D13: LOST | E13: Stuck RTO, claim order value
A14: STS-10 | B14: RTO | C14: rto_initiated | D14: LOST | E14: Stuck RTO
A15: STS-11 | B15: RTO | C15: rto_ndr | D15: LOST | E15: Stuck RTO
A16: STS-12 | B16: RTO | C16: rto_cancelled | D16: LOST | E16: Stuck RTO
... A24: STS-20 | B24: Delivered | C24: (AWB not in shipments) | D24: NO_API_DATA | E24: No ground-truth record
