Workbook

Sheet MIS
A1: AWB | B1: Merchant | C1: Master Shipper | D1: Mode | E1: Weight | F1: Zone | G1: Status | H1: Payment | I1: Collectable Amount | J1: Forward Freight | K1: RTO Freight | L1: Reverse Charges | M1: COD Charge | N1: Gross Freight | O1: Total Freight | P1: MID | Q1: Order ID | R1: Order Value | S1: sku_code | T1: sku_count | U1: product_quantity_combined
A2: 88800000000001 | B2: Pokonut | C2: DelhiveryDirectSurfaceAC | D2: SURFACE | E2: 0.5 | F2: A | G2: Delivered | H2: PREPAID | I2: 0 | J2: 20 | K2: 0 | L2: 0 | M2: 0 | N2: 20 | O2: 23.6 | P2: MID0001 | Q2: ORD-TEST-0001 | R2: 799 | S2: TEST-SKU | T2: 1 | U2: 1
A3: 88800000000002 | B3: Pokonut | C3: DelhiveryDirectSurfaceAC | D3: SURFACE | E3: 0.5 | F3: B | G3: Delivered | H3: PREPAID | I3: 0 | J3: 22 | K3: 0 | L3: 0 | M3: 0 | N3: 22 | O3: 25.96 | P3: MID0002 | Q3: ORD-TEST-0002 | R3: 799 | S3: TEST-SKU | T3: 1 | U3: 1
A4: 88800000000003 | B4: Pokonut | C4: DelhiveryDirectSurfaceAC | D4: SURFACE | E4: 1 | F4: C | G4: Delivered | H4: PREPAID | I4: 0 | J4: 58 | K4: 0 | L4: 0 | M4: 0 | N4: 58 | O4: 68.44 | P4: MID0003 | Q4: ORD-TEST-0003 | R4: 799 | S4: TEST-SKU | T4: 1 | U4: 1
A5: 88800000000004 | B5: Pokonut | C5: DelhiveryDirectSurfaceAC | D5: SURFACE | E5: 1.5 | F5: C | G5: Delivered | H5: PREPAID | I5: 0 | J5: 87 | K5: 0 | L5: 0 | M5: 0 | N5: 87 | O5: 102.66 | P5: MID0004 | Q5: ORD-TEST-0004 | R5: 799 | S5: TEST-SKU | T5: 1 | U5: 1
A6: 88800000000005 | B6: Pokonut | C6: DelhiveryDirectSurfaceAC | D6: SURFACE | E6: 0.5 | F6: D | G6: Delivered | H6: COD | I6: 500 | J6: 33 | K6: 0 | L6: 0 | M6: 15 | N6: 48 | O6: 56.64 | P6: MID0005 | Q6: ORD-TEST-0005 | R6: 799 | S6: TEST-SKU | T6: 1 | U6: 1
A7: 88800000000006 | B7: Pokonut | C7: DelhiveryDirectSurfaceAC | D7: SURFACE | E7: 0.5 | F7: E | G7: Delivered | H7: COD | I7: 2000 | J7: 39 | K7: 0 | L7: 0 | M7: 22 | N7: 61 | O7: 71.98 | P7: MID0006 | Q7: ORD-TEST-0006 | R7: 799 | S7: TEST-SKU | T7: 1 | U7: 1
A8: 88800000000007 | B8: Pokonut | C8: DelhiveryDirectSurfaceAC | D8: SURFACE | E8: 0.5 | F8: A | G8: Delivered | H8: COD | J8: 20 | K8: 0 | L8: 0 | M8: 15 | N8: 35 | O8: 41.3 | P8: MID0007 | Q8: ORD-TEST-0007 | R8: 799 | S8: TEST-SKU | T8: 1 | U8: 1
A9: 88800000000008 | B9: Pokonut | C9: DelhiveryDirectSurfaceAC | D9: SURFACE | E9: 0.5 | F9: A | G9: RTO | H9: PREPAID | I9: 0 | J9: 20 | K9: 18 | L9: 0 | M9: 0 | N9: 38 | O9: 44.84 | P9: MID0008 | Q9: ORD-TEST-0008 | R9: 799 | S9: TEST-SKU | T9: 1 | U9: 1
A10: 88800000000009 | B10: Pokonut | C10: DelhiveryDirectSurfaceAC | D10: SURFACE | E10: 0.5 | F10: B | G10: RTO | H10: PREPAID | I10: 0 | J10: 22 | K10: 20 | L10: 0 | M10: 0 | N10: 42 | O10: 49.56 | P10: MID0009 | Q10: ORD-TEST-0009 | R10: 799 | S10: TEST-SKU | T10: 1 | U10: 1
A11: 88800000000010 | B11: Pokonut | C11: DelhiveryDirectSurfaceAC | D11: SURFACE | E11: 0.5 | F11: D | G11: RTO | H11: COD | I11: 800 | J11: 33 | K11: 31 | L11: 0 | M11: 0 | N11: 64 | O11: 75.52 | P11: MID0010 | Q11: ORD-TEST-0010 | R11: 799 | S11: TEST-SKU | T11: 1 | U11: 1
A12: 88800000000011 | B12: Pokonut | C12: DelhiveryDirectExpress | D12: AIR | E12: 0.5 | F12: B | G12: Delivered | H12: COD | I12: 1000 | J12: 29 | K12: 0 | L12: 0 | M12: 28 | N12: 57 | O12: 67.26 | P12: MID0011 | Q12: ORD-TEST-0011 | R12: 799 | S12: TEST-SKU | T12: 1 | U12: 1
A13: 88800000000012 | B13: Pokonut | C13: DelhiveryDirectExpress | D13: AIR | E13: 0.5 | F13: C | G13: Delivered | H13: COD | I13: 3000 | J13: 41 | K13: 0 | L13: 0 | M13: 45 | N13: 86 | O13: 101.48 | P13: MID0012 | Q13: ORD-TEST-0012 | R13: 799 | S13: TEST-SKU | T13: 1 | U13: 1
A14: 88800000000013 | B14: Pokonut | C14: ShadowfaxNDD-NG | D14: NDD | E14: 0.5 | F14: A | G14: Delivered | H14: PREPAID | I14: 0 | J14: 27 | K14: 0 | L14: 0 | M14: 0 | N14: 27 | O14: 31.86 | P14: MID0013 | Q14: ORD-TEST-0013 | R14: 799 | S14: TEST-SKU | T14: 1 | U14: 1
A15: 88800000000014 | B15: Pokonut | C15: ShadowfaxNDD-NG | D15: NDD | E15: 0.5 | F15: E | G15: Delivered | H15: PREPAID | I15: 0 | J15: 0 | K15: 0 | L15: 0 | M15: 0 | N15: 0 | O15: 0 | P15: MID0014 | Q15: ORD-TEST-0014 | R15: 799 | S15: TEST-SKU | T15: 1 | U15: 1
A16: 88800000000015 | B16: Pokonut | C16: DelhiveryDirectSurfaceAC | D16: SURFACE | E16: 0.5 | F16: B | G16: Delivered | H16: PREPAID | I16: 0 | J16: 22 | K16: 0 | L16: 0 | M16: 0 | N16: 22 | O16: 25.96 | P16: MID0015 | Q16: ORD-TEST-0015 | R16: 799 | S16: TEST-SKU | T16: 1 | U16: 1
A17: 88800000000016 | B17: Pokonut | C17: DelhiveryDirectSurfaceAC | D17: SURFACE | E17: 0.5 | F17: D | G17: Delivered | H17: COD | I17: 1200 | J17: 33 | K17: 0 | L17: 0 | M17: 15 | N17: 48 | O17: 56.64 | P17: MID0016 | Q17: ORD-TEST-0016 | R17: 799 | S17: TEST-SKU | T17: 1 | U17: 1
A18: 88800000000017 | B18: Pokonut | C18: BlueDart Surface | D18: SURFACE | E18: 0.5 | F18: A | G18: Delivered | H18: PREPAID | I18: 0 | J18: 24 | K18: 0 | L18: 0 | M18: 0 | N18: 24 | O18: 28.32 | P18: MID0017 | Q18: ORD-TEST-0017 | R18: 799 | S18: TEST-SKU | T18: 1 | U18: 1
A19: 88800000000018 | B19: Pokonut | C19: BlueDart Surface | D19: SURFACE | E19: 0.5 | F19: C | G19: RTO | H19: PREPAID | I19: 0 | J19: 34 | K19: 32 | L19: 0 | M19: 0 | N19: 66 | O19: 77.88 | P19: MID0018 | Q19: ORD-TEST-0018 | R19: 799 | S19: TEST-SKU | T19: 1 | U19: 1
A20: 88800000000019 | B20: Pokonut | C20: DelhiveryDirectSurfaceAC | D20: SURFACE | E20: 10 | F20: B | G20: Delivered | H20: PREPAID | I20: 0 | J20: 440 | K20: 0 | L20: 0 | M20: 0 | N20: 440 | O20: 519.2 | P20: MID0019 | Q20: ORD-TEST-0019 | R20: 799 | S20: TEST-SKU | T20: 1 | U20: 1
... A28: 88800000000027 | B28: Pokonut | C28: DelhiveryDirectSurfaceAC | D28: SURFACE | E28: 0.5 | F28: A | G28: Delivered | H28: PREPAID | I28: 0 | J28: 20 | K28: 0 | L28: 0 | M28: 0 | N28: 20 | O28: 23.6 | P28: MID0027 | Q28: ORD-TEST-0027 | R28: 799 | S28: TEST-SKU | T28: 1 | U28: 1
A29: 88800000000028 | B29: Pokonut | C29: DelhiveryDirectSurfaceAC | D29: SURFACE | E29: 0.5 | F29: B | G29: Delivered | H29: PREPAID | I29: 0 | J29: 22 | K29: 0 | L29: 0 | M29: 0 | N29: 22 | O29: 25.96 | P29: MID0028 | Q29: ORD-TEST-0028 | R29: 799 | S29: TEST-SKU | T29: 1 | U29: 1
A30: 88800000000029 | B30: Pokonut | C30: DelhiveryDirectSurfaceAC | D30: SURFACE | E30: 0.5 | F30: C | G30: Delivered | H30: PREPAID | I30: 0 | J30: 29 | K30: 0 | L30: 0 | M30: 0 | N30: 29 | O30: 34.22 | P30: MID0029 | Q30: ORD-TEST-0029 | R30: 799 | S30: TEST-SKU | T30: 1 | U30: 1
A31: 88800000000030 | B31: Pokonut | C31: DelhiveryDirectSurfaceAC | D31: SURFACE | E31: 0.5 | F31: A | G31: Cancelled | H31: PREPAID | I31: 0 | J31: 20 | K31: 0 | L31: 0 | M31: 0 | N31: 20 | O31: 23.6 | P31: MID0030 | Q31: ORD-TEST-0030 | R31: 799 | S31: TEST-SKU | T31: 1 | U31: 1
A32: 88800000000031 | B32: Pokonut | C32: DelhiveryDirectSurfaceAC | D32: SURFACE | E32: 0.5 | F32: A | G32: Delivered | H32: PREPAID | I32: 0 | J32: 20 | K32: 0 | L32: 0 | M32: 0 | N32: 20 | O32: 23.6 | P32: MID0031 | Q32: ORD-TEST-0031 | R32: 799 | S32: TEST-SKU | T32: 1 | U32: 1
A33: 88800000000032 | B33: Pokonut | C33: DelhiveryDirectSurfaceAC | D33: SURFACE | E33: 0.5 | F33: B | G33: Delivered | H33: PREPAID | I33: 0 | J33: 22 | K33: 0 | L33: 0 | M33: 0 | N33: 22 | O33: 35.96 | P33: MID0032 | Q33: ORD-TEST-0032 | R33: 799 | S33: TEST-SKU | T33: 1 | U33: 1
A34: 88800000000033 | B34: Pokonut | C34: DelhiveryDirectSurfaceAC | D34: SURFACE | E34: 0.5 | F34: D | G34: Delivered | H34: PREPAID | I34: 0 | J34: 33 | K34: 0 | L34: 0 | M34: 0 | N34: 33 | O34: 88.94 | P34: MID0033 | Q34: ORD-TEST-0033 | R34: 799 | S34: TEST-SKU | T34: 1 | U34: 1
A35: 88800000000034 | B35: Pokonut | C35: DelhiveryDirectSurfaceAC | D35: SURFACE | E35: 0.5 | F35: C | G35: Delivered | H35: PREPAID | I35: 0 | J35: 29 | K35: 0 | L35: 0 | M35: 0 | N35: 29 | O35: 24.22 | P35: MID0034 | Q35: ORD-TEST-0034 | R35: 799 | S35: TEST-SKU | T35: 1 | U35: 1
A36: 88800000000035 | B36: Pokonut | C36: DelhiveryDirectSurfaceAC | D36: SURFACE | E36: 0.5 | F36: A | G36: Delivered | H36: PREPAID | I36: 0 | J36: 20 | K36: 0 | L36: 0 | M36: 0 | N36: 20 | O36: 24.61 | P36: MID0035 | Q36: ORD-TEST-0035 | R36: 799 | S36: TEST-SKU | T36: 1 | U36: 1
A37: 88800000000036 | B37: Pokonut | C37: DelhiveryDirectSurfaceAC | D37: SURFACE | E37: 0.5 | F37: A | G37: Delivered | H37: PREPAID | I37: 0 | J37: 20 | K37: 0 | L37: 0 | M37: 0 | N37: 20 | P37: MID0036 | Q37: ORD-TEST-0036 | R37: 799 | S37: TEST-SKU | T37: 1 | U37: 1
A38: 88800000000037 | B38: Pokonut | C38: DelhiveryDirectSurfaceAC | D38: SURFACE | E38: 0.5 | F38: B | G38: Delivered | H38: COD | I38: 1000 | J38: 22 | K38: 0 | L38: 0 | M38: 0 | N38: 22 | O38: 25.96 | P38: MID0037 | Q38: ORD-TEST-0037 | R38: 799 | S38: TEST-SKU | T38: 1 | U38: 1
A39: 88800000000038 | B39: Pokonut | C39: DelhiveryDirectSurfaceAC | D39: SURFACE | E39: 0.5 | F39: C | G39: RTO | H39: COD | I39: 1000 | J39: 29 | K39: 27 | L39: 0 | M39: 15 | N39: 71 | O39: 83.78 | P39: MID0038 | Q39: ORD-TEST-0038 | R39: 799 | S39: TEST-SKU | T39: 1 | U39: 1
A40: 88800000000039 | B40: Pokonut | C40: DelhiveryDirectSurfaceAC | D40: SURFACE | E40: 0.5 | F40: D | G40: RTO | H40: PREPAID | I40: 0 | J40: 33 | K40: 0 | L40: 0 | M40: 0 | N40: 33 | O40: 38.94 | P40: MID0039 | Q40: ORD-TEST-0039 | R40: 799 | S40: TEST-SKU | T40: 1 | U40: 1
A41: 88800000000040 | B41: Pokonut | C41: DelhiveryDirectSurfaceAC | D41: SURFACE | E41: 0.5 | F41: B | G41: Delivered | H41: PREPAID | I41: 0 | J41: 22 | K41: 0 | L41: 0 | M41: 0 | N41: 22 | O41: 22 | P41: MID0040 | Q41: ORD-TEST-0040 | R41: 799 | S41: TEST-SKU | T41: 1 | U41: 1
A42: 88800000000041 | B42: Pokonut | C42: DelhiveryDirectSurfaceAC | D42: SURFACE | E42: 0.5 | F42: A | G42: Delivered | H42: COD | I42: 500 | J42: 20 | K42: 0 | L42: 0 | M42: 15 | N42: 35 | O42: 41.3 | P42: MID0041 | Q42: ORD-TEST-0041 | R42: 799 | S42: TEST-SKU | T42: 1 | U42: 1
A43: 88800000000042 | B43: Pokonut | C43: DelhiveryDirectSurfaceAC | D43: SURFACE | E43: 0.5 | F43: B | G43: Delivered | H43: PREPAID | I43: 500 | J43: 22 | K43: 0 | L43: 0 | M43: 0 | N43: 22 | O43: 25.96 | P43: MID0042 | Q43: ORD-TEST-0042 | R43: 799 | S43: TEST-SKU | T43: 1 | U43: 1
A44: 88800000000043 | B44: Pokonut | C44: DelhiveryDirectSurfaceAC | D44: SURFACE | E44: 0.5 | F44: A | G44: Delivered | H44: PREPAID | I44: 0 | J44: 20 | K44: 0 | L44: 0 | M44: 0 | N44: 20 | O44: 23.6 | P44: MID0043 | Q44: ORD-TEST-0043 | R44: 799 | S44: TEST-SKU | T44: 1 | U44: 1
A45: 88800000000044 | B45: Pokonut | C45: DelhiveryDirectSurfaceAC | D45: SURFACE | E45: 0.5 | F45: B | G45: RTO | H45: PREPAID | I45: 0 | J45: 22 | K45: 0 | L45: 0 | M45: 0 | N45: 22 | O45: 25.96 | P45: MID0044 | Q45: ORD-TEST-0044 | R45: 799 | S45: TEST-SKU | T45: 1 | U45: 1
A46: 88800000000045 | B46: Pokonut | C46: DelhiveryDirectSurfaceAC | D46: SURFACE | E46: 0.5 | F46: C | G46: Delivered | H46: PREPAID | I46: 0 | J46: 29 | K46: 27 | L46: 0 | M46: 0 | N46: 56 | O46: 66.08 | P46: MID0045 | Q46: ORD-TEST-0045 | R46: 799 | S46: TEST-SKU | T46: 1 | U46: 1
A47: 88800000000046 | B47: Pokonut | C47: DelhiveryDirectSurfaceAC | D47: SURFACE | E47: 0.5 | F47: A | G47: Delivered | H47: PREPAID | I47: 0 | J47: 29 | K47: 0 | L47: 0 | M47: 0 | N47: 29 | O47: 34.22 | P47: MID0046 | Q47: ORD-TEST-0046 | R47: 799 | S47: TEST-SKU | T47: 1 | U47: 1
A48: 88800000000047 | B48: Pokonut | C48: DelhiveryDirectSurfaceAC | D48: SURFACE | E48: 0.5 | F48: E | G48: Delivered | H48: PREPAID | I48: 0 | J48: 22 | K48: 0 | L48: 0 | M48: 0 | N48: 22 | O48: 25.96 | P48: MID0047 | Q48: ORD-TEST-0047 | R48: 799 | S48: TEST-SKU | T48: 1 | U48: 1
A49: 88800000000048 | B49: Pokonut | C49: DelhiveryDirectSurfaceAC | D49: SURFACE | E49: 0.5 | F49: A | G49: Delivered | H49: PREPAID | I49: 0 | J49: 20 | K49: 0 | L49: 0 | M49: 0 | N49: 20 | O49: 23.6 | P49: MID0048 | Q49: ORD-TEST-0048 | R49: 799 | S49: TEST-SKU | T49: 1 | U49: 1
... A61: 88800000000060 | B61: Pokonut | C61: DelhiveryDirectSurfaceAC | D61: SURFACE | E61: 0.5 | F61: E | G61: RTO | H61: PREPAID | I61: 0 | J61: 39 | K61: 37 | L61: 0 | M61: 0 | N61: 76 | O61: 89.68 | P61: MID0060 | Q61: ORD-TEST-0060 | R61: 720 | S61: TEST-SKU | T61: 1 | U61: 1
A62: 88800000000061 | B62: Pokonut | C62: DelhiveryDirectSurfaceAC | D62: SURFACE | E62: 0.5 | F62: A | G62: Delivered | H62: PREPAID | I62: 0 | J62: 20 | K62: 0 | L62: 0 | M62: 0 | N62: 20 | O62: 23.6 | P62: MID0061 | Q62: ORD-TEST-0061 | S62: TEST-SKU | T62: 1 | U62: 1
A63: 88800000000062 | B63: Pokonut | C63: DelhiveryDirectSurfaceAC | D63: SURFACE | E63: 0.5 | F63: B | G63: Delivered | H63: PREPAID | I63: 0 | J63: 22 | K63: 0 | L63: 0 | M63: 0 | N63: 22 | O63: 25.96 | P63: MID0062 | Q63: ORD-TEST-0062 | R63: 980 | S63: TEST-SKU | T63: 1 | U63: 1
A64: 88800000000063 | B64: Pokonut | C64: DelhiveryDirectSurfaceAC | E64: 0.5 | F64: C | G64: Delivered | H64: PREPAID | I64: 0 | J64: 29 | K64: 0 | L64: 0 | M64: 0 | N64: 29 | O64: 34.22 | P64: MID0063 | Q64: ORD-TEST-0063 | R64: 540 | S64: TEST-SKU | T64: 1 | U64: 1
A65: 88800000000064 | B65: Pokonut | C65: DelhiveryDirectSurfaceAC | D65: SURFACE | E65: 0.5 | F65: A | G65: Delivered | H65: PREPAID | I65: 0 | J65: 20 | K65: 0 | L65: 0 | M65: 0 | N65: 20 | O65: 23.6 | P65: MID0064 | Q65: ORD-TEST-0064 | R65: 799 | S65: TEST-SKU | T65: 1 | U65: 1
A66: 88800000000065 | B66: Pokonut | C66: DelhiveryDirectSurfaceAC | D66: SURFACE | E66: 0.5 | F66: A | G66: Delivered | H66: PREPAID | I66: 0 | J66: 20 | K66: 0 | L66: 0 | M66: 0 | N66: 20 | O66: 23.6 | P66: MID0065 | Q66: ORD-TEST-0065 | R66: 799 | S66: TEST-SKU | T66: 1 | U66: 1
A67: 88800000000066 | B67: Pokonut | C67: DelhiveryDirectSurfaceAC | D67: SURFACE | E67: 0.5 | F67: A | G67: Delivered | H67: PREPAID | I67: 0 | J67: 20 | K67: 0 | L67: 0 | M67: 0 | N67: 20 | O67: 23.6 | P67: MID0066 | Q67: ORD-TEST-0066 | R67: 799 | S67: TEST-SKU | T67: 1 | U67: 1
A68: 88800000000067 | B68: Pokonut | C68: DelhiveryDirectSurfaceAC | D68: SURFACE | E68: 0.5 | F68: A | G68: Delivered | H68: PREPAID | I68: 0 | J68: 20 | K68: 0 | L68: 0 | M68: 0 | N68: 20 | O68: 23.6 | P68: MID0067 | Q68: ORD-TEST-0067 | R68: 799 | S68: TEST-SKU | T68: 1 | U68: 1
A69: 88800000000068 | B69: Pokonut | C69: DelhiveryDirectSurfaceAC | D69: SURFACE | E69: 0.5 | F69: A | G69: Delivered | H69: PREPAID | I69: 0 | J69: 20 | K69: 0 | L69: 0 | M69: 0 | N69: 20 | O69: 23.6 | P69: MID0068 | Q69: ORD-TEST-0068 | R69: 799 | S69: TEST-SKU | T69: 1 | U69: 1
A70: 88800000000069 | B70: Pokonut | C70: DelhiveryDirectSurfaceAC | E70: 0.5 | F70: B | G70: Delivered | H70: PREPAID | I70: 0 | J70: 22 | K70: 0 | L70: 0 | M70: 0 | N70: 22 | O70: 25.96 | P70: MID0069 | Q70: ORD-TEST-0069 | R70: 799 | S70: TEST-SKU | T70: 1 | U70: 1
A71: 88800000000070 | B71: Pokonut | C71: DelhiveryDirectSurfaceAC | D71: ROAD | E71: 0.5 | F71: A | G71: Delivered | H71: PREPAID | I71: 0 | J71: 0 | K71: 0 | L71: 0 | M71: 0 | N71: 0 | O71: 0 | P71: MID0070 | Q71: ORD-TEST-0070 | R71: 799 | S71: TEST-SKU | T71: 1 | U71: 1
A72: 88800000000071 | B72: Pokonut | C72: BlueDart Surface | D72: AIR | E72: 0.5 | F72: A | G72: Delivered | H72: PREPAID | I72: 0 | J72: 0 | K72: 0 | L72: 0 | M72: 0 | N72: 0 | O72: 0 | P72: MID0071 | Q72: ORD-TEST-0071 | R72: 799 | S72: TEST-SKU | T72: 1 | U72: 1
A73: 88800000000072 | B73: Pokonut | C73: DelhiveryDirectSurfaceAC | D73: SURFACE | E73: 0.5 | F73: B | G73: Delivered | H73: PREPAID | I73: 0 | J73: 22 | K73: 0 | L73: 0 | M73: 0 | N73: 22 | O73: 25.96 | P73: MID0072 | Q73: ORD-TEST-0072 | R73: 799 | S73: TEST-SKU | T73: 1 | U73: 1
A74: 88800000000072 | B74: Pokonut | C74: DelhiveryDirectSurfaceAC | D74: SURFACE | E74: 0.5 | F74: B | G74: Delivered | H74: PREPAID | I74: 0 | J74: 22 | K74: 0 | L74: 0 | M74: 0 | N74: 22 | O74: 25.96 | P74: MID0072 | Q74: ORD-TEST-0072-DUP | R74: 799 | S74: TEST-SKU | T74: 1 | U74: 1
A75: 88800000000073 | B75: Pokonut | C75: DelhiveryDirectSurfaceAC | D75: SURFACE | E75: 0.5 | F75: A | G75: Delivered | H75: PREPAID | I75: 0 | J75: 20 | K75: 0 | L75: 0 | M75: 0 | N75: 20 | O75: 23.6 | P75: MID0073 | Q75: ORD-TEST-0073 | R75: 799 | S75: TEST-SKU | T75: 1 | U75: 1
A76: 88800000000074 | B76: Pokonut | C76: DelhiveryDirectSurfaceAC | D76: SURFACE | E76: 0.5 | F76: B | G76: Delivered | H76: PREPAID | I76: 0 | J76: 22 | K76: 0 | L76: 0 | M76: 0 | N76: 22 | O76: 25.96 | P76: MID0074 | Q76: ORD-TEST-0074 | R76: 799 | S76: TEST-SKU | T76: 1 | U76: 1
A77: 88800000000075 | B77: Pokonut | C77: DelhiveryDirectSurfaceAC | D77: SURFACE | E77: 0.5 | F77: A | G77: Delivered | H77: PREPAID | I77: 0 | J77: 20 | K77: 0 | L77: 0 | M77: 0 | N77: 20 | O77: 23.6 | P77: MID0075 | Q77: ORD-TEST-0075 | R77: 799 | S77: TEST-SKU | T77: 1 | U77: 1

Sheet Expected Results
A1: Test ID | B1: AWB | C1: Scenario | D1: What it checks | E1: Load shipment file first | F1: Expected result | G1: Expected calc freight (Rs) | H1: MIS total freight (Rs) | I1: Expected difference (calc - MIS) | J1: Expected class | K1: Expected claim (Rs) | L1: Notes | M1: Actual result (you fill) | N1: Pass / Fail
A2: MTC-001 | B2: 88800000000001 | C2: Surface zone A, prepaid, 0.5 kg, billed correctly | D2: Basic happy path | E2: Shipment_Test_Data.xlsx | F2: MATCHED | G2: 23.6 | H2: =IF(ISBLANK(MIS!O2),0,MIS!O2) | I2: =IF(G2="","",ROUND(G2-H2,2)) | J2: =IF(G2="","",IF(I2<-1,"Overcharged",IF(I2>1,"Undercharged","Within tolerance")))
A3: MTC-002 | B3: 88800000000002 | C3: API weight 100 g vs MIS 0.5 kg (same slab) | D3: Weight compared by slab, not raw kg | E3: Shipment_Test_Data.xlsx | F3: MATCHED | G3: 25.96 | H3: =IF(ISBLANK(MIS!O3),0,MIS!O3) | I3: =IF(G3="","",ROUND(G3-H3,2)) | J3: =IF(G3="","",IF(I3<-1,"Overcharged",IF(I3>1,"Undercharged","Within tolerance")))
A4: MTC-003 | B4: 88800000000003 | C4: Exactly 1.0 kg (2 slabs) | D4: Slab rounding at an exact multiple | E4: Shipment_Test_Data.xlsx | F4: MATCHED | G4: 68.44 | H4: =IF(ISBLANK(MIS!O4),0,MIS!O4) | I4: =IF(G4="","",ROUND(G4-H4,2)) | J4: =IF(G4="","",IF(I4<-1,"Overcharged",IF(I4>1,"Undercharged","Within tolerance")))
A5: MTC-004 | B5: 88800000000004 | C5: Weight 1.01 kg (3 slabs) | D5: Slab rounding just over a slab | E5: Shipment_Test_Data.xlsx | F5: MATCHED | G5: 102.66 | H5: =IF(ISBLANK(MIS!O5),0,MIS!O5) | I5: =IF(G5="","",ROUND(G5-H5,2)) | J5: =IF(G5="","",IF(I5<-1,"Overcharged",IF(I5>1,"Undercharged","Within tolerance")))
A6: MTC-005 | B6: 88800000000005 | C6: COD 500 - flat Rs 15 wins over 1.1% | D6: COD = MAX(flat, %) | E6: Shipment_Test_Data.xlsx | F6: MATCHED | G6: 56.64 | H6: =IF(ISBLANK(MIS!O6),0,MIS!O6) | I6: =IF(G6="","",ROUND(G6-H6,2)) | J6: =IF(G6="","",IF(I6<-1,"Overcharged",IF(I6>1,"Undercharged","Within tolerance")))
A7: MTC-006 | B7: 88800000000006 | C7: COD 2000 - 1.1% (Rs 22) wins over flat | D7: COD = MAX(flat, %) | E7: Shipment_Test_Data.xlsx | F7: MATCHED | G7: 71.98 | H7: =IF(ISBLANK(MIS!O7),0,MIS!O7) | I7: =IF(G7="","",ROUND(G7-H7,2)) | J7: =IF(G7="","",IF(I7<-1,"Overcharged",IF(I7>1,"Undercharged","Within tolerance")))
A8: MTC-007 | B8: 88800000000007 | C8: COD amount left blank on a COD order | D8: Blank collectable amount treated as 0 | E8: Shipment_Test_Data.xlsx | F8: MATCHED | G8: 41.3 | H8: =IF(ISBLANK(MIS!O8),0,MIS!O8) | I8: =IF(G8="","",ROUND(G8-H8,2)) | J8: =IF(G8="","",IF(I8<-1,"Overcharged",IF(I8>1,"Undercharged","Within tolerance"))) | L8: Collectable Amount cell is empty; COD charge falls back to the flat fee.
A9: MTC-008 | B9: 88800000000008 | C9: RTO delivered, prepaid (forward + RTO freight) | D9: RTO adds RTO freight | E9: Shipment_Test_Data.xlsx | F9: MATCHED | G9: 44.84 | H9: =IF(ISBLANK(MIS!O9),0,MIS!O9) | I9: =IF(G9="","",ROUND(G9-H9,2)) | J9: =IF(G9="","",IF(I9<-1,"Overcharged",IF(I9>1,"Undercharged","Within tolerance")))
A10: MTC-009 | B10: 88800000000009 | C10: Return delivered treated as RTO | D10: return_delivered counts as RTO | E10: Shipment_Test_Data.xlsx | F10: MATCHED | G10: 49.56 | H10: =IF(ISBLANK(MIS!O10),0,MIS!O10) | I10: =IF(G10="","",ROUND(G10-H10,2)) | J10: =IF(G10="","",IF(I10<-1,"Overcharged",IF(I10>1,"Undercharged","Within tolerance")))
A11: MTC-010 | B11: 88800000000010 | C11: COD order that ended in RTO - no COD charge | D11: No COD charge on RTO | E11: Shipment_Test_Data.xlsx | F11: MATCHED | G11: 75.52 | H11: =IF(ISBLANK(MIS!O11),0,MIS!O11) | I11: =IF(G11="","",ROUND(G11-H11,2)) | J11: =IF(G11="","",IF(I11<-1,"Overcharged",IF(I11>1,"Undercharged","Within tolerance")))
A12: MTC-011 | B12: 88800000000011 | C12: Air mode, COD 1000 (flat Rs 28) | D12: Air rates and COD | E12: Shipment_Test_Data.xlsx | F12: MATCHED | G12: 67.26 | H12: =IF(ISBLANK(MIS!O12),0,MIS!O12) | I12: =IF(G12="","",ROUND(G12-H12,2)) | J12: =IF(G12="","",IF(I12<-1,"Overcharged",IF(I12>1,"Undercharged","Within tolerance")))
A13: MTC-012 | B13: 88800000000012 | C13: Air mode, COD 3000 (1.5% = Rs 45) | D13: Air COD percentage | E13: Shipment_Test_Data.xlsx | F13: MATCHED | G13: 101.48 | H13: =IF(ISBLANK(MIS!O13),0,MIS!O13) | I13: =IF(G13="","",ROUND(G13-H13,2)) | J13: =IF(G13="","",IF(I13<-1,"Overcharged",IF(I13>1,"Undercharged","Within tolerance")))
A14: MTC-013 | B14: 88800000000013 | C14: NDD mode zone A | D14: NDD rates | E14: Shipment_Test_Data.xlsx | F14: MATCHED | G14: 31.86 | H14: =IF(ISBLANK(MIS!O14),0,MIS!O14) | I14: =IF(G14="","",ROUND(G14-H14,2)) | J14: =IF(G14="","",IF(I14<-1,"Overcharged",IF(I14>1,"Undercharged","Within tolerance")))
A15: MTC-014 | B15: 88800000000014 | C15: NDD mode zone E (rate is 0 in the card) | D15: Zero-rate lane | E15: Shipment_Test_Data.xlsx | F15: MATCHED | G15: 0 | H15: =IF(ISBLANK(MIS!O15),0,MIS!O15) | I15: =IF(G15="","",ROUND(G15-H15,2)) | J15: =IF(G15="","",IF(I15<-1,"Overcharged",IF(I15>1,"Undercharged","Within tolerance"))) | L15: Card has rate 0 for NDD zone E, so calculated freight is 0. Confirm the business intends this.
A16: MTC-015 | B16: 88800000000015 | C16: Pinjore hub, zone B | D16: Pickup 134102 uses the Pinjore map | E16: Shipment_Test_Data.xlsx | F16: MATCHED | G16: 25.96 | H16: =IF(ISBLANK(MIS!O16),0,MIS!O16) | I16: =IF(G16="","",ROUND(G16-H16,2)) | J16: =IF(G16="","",IF(I16<-1,"Overcharged",IF(I16>1,"Undercharged","Within tolerance")))
A17: MTC-016 | B17: 88800000000016 | C17: Pinjore hub, zone D, COD | D17: Pinjore + COD | E17: Shipment_Test_Data.xlsx | F17: MATCHED | G17: 56.64 | H17: =IF(ISBLANK(MIS!O17),0,MIS!O17) | I17: =IF(G17="","",ROUND(G17-H17,2)) | J17: =IF(G17="","",IF(I17<-1,"Overcharged",IF(I17>1,"Undercharged","Within tolerance")))
A18: MTC-017 | B18: 88800000000017 | C18: Bluedart courier surface zone A | D18: BLUEDART rate group | E18: Shipment_Test_Data.xlsx | F18: MATCHED | G18: 28.32 | H18: =IF(ISBLANK(MIS!O18),0,MIS!O18) | I18: =IF(G18="","",ROUND(G18-H18,2)) | J18: =IF(G18="","",IF(I18<-1,"Overcharged",IF(I18>1,"Undercharged","Within tolerance")))
A19: MTC-018 | B19: 88800000000018 | C19: Bluedart RTO zone C | D19: BLUEDART RTO rates | E19: Shipment_Test_Data.xlsx | F19: MATCHED | G19: 77.88 | H19: =IF(ISBLANK(MIS!O19),0,MIS!O19) | I19: =IF(G19="","",ROUND(G19-H19,2)) | J19: =IF(G19="","",IF(I19<-1,"Overcharged",IF(I19>1,"Undercharged","Within tolerance")))
A20: MTC-019 | B20: 88800000000019 | C20: Heavy parcel 10 kg (20 slabs) | D20: Large weights | E20: Shipment_Test_Data.xlsx | F20: MATCHED | G20: 519.2 | H20: =IF(ISBLANK(MIS!O20),0,MIS!O20) | I20: =IF(G20="","",ROUND(G20-H20,2)) | J20: =IF(G20="","",IF(I20<-1,"Overcharged",IF(I20>1,"Undercharged","Within tolerance")))
A21: MTC-020 | B21: 88800000000020 | C21: Tiny weight: raw value 2 (= 2 grams, NOT 2 kg) | D21: Weights are always grams | E21: Shipment_Test_Data.xlsx | F21: MATCHED | G21: 23.6 | H21: =IF(ISBLANK(MIS!O21),0,MIS!O21) | I21: =IF(G21="","",ROUND(G21-H21,2)) | J21: =IF(G21="","",IF(I21<-1,"Overcharged",IF(I21>1,"Undercharged","Within tolerance"))) | L21: Regression: raw weight 2 must become 0.002 kg (1 slab), not 2 kg.
A22: MTC-021 | B22: 88800000000021 | C22: Tiny weight: raw value 10 | D22: Weights are always grams | E22: Shipment_Test_Data.xlsx | F22: MATCHED | G22: 25.96 | H22: =IF(ISBLANK(MIS!O22),0,MIS!O22) | I22: =IF(G22="","",ROUND(G22-H22,2)) | J22: =IF(G22="","",IF(I22<-1,"Overcharged",IF(I22>1,"Undercharged","Within tolerance")))
A23: MTC-022 | B23: 88800000000022 | C23: Weight exactly 500 g | D23: Boundary: 500 g = 1 slab | E23: Shipment_Test_Data.xlsx | F23: MATCHED | G23: 23.6 | H23: =IF(ISBLANK(MIS!O23),0,MIS!O23) | I23: =IF(G23="","",ROUND(G23-H23,2)) | J23: =IF(G23="","",IF(I23<-1,"Overcharged",IF(I23>1,"Undercharged","Within tolerance")))
A24: MTC-023 | B24: 88800000000023 | C24: MIS total is Rs 0.80 above calculated | D24: Inside Rs 1 tolerance | E24: Shipment_Test_Data.xlsx | F24: MATCHED | G24: 23.6 | H24: =IF(ISBLANK(MIS!O24),0,MIS!O24) | I24: =IF(G24="","",ROUND(G24-H24,2)) | J24: =IF(G24="","",IF(I24<-1,"Overcharged",IF(I24>1,"Undercharged","Within tolerance"))) | L24: Delta = -0.80, within tolerance so still MATCHED.
A25: MTC-024 | B25: 88800000000024 | C25: MIS total is exactly Rs 1.00 above calculated | D25: Tolerance boundary (not more than 1) | E25: Shipment_Test_Data.xlsx | F25: MATCHED | G25: 25.96 | H25: =IF(ISBLANK(MIS!O25),0,MIS!O25) | I25: =IF(G25="","",ROUND(G25-H25,2)) | J25: =IF(G25="","",IF(I25<-1,"Overcharged",IF(I25>1,"Undercharged","Within tolerance"))) | L25: Delta = -1.00 is not greater than 1, so MATCHED.
A26: MTC-025 | B26: 88800000000025 | C26: MIS zone written in lowercase | D26: Zone is upper-cased on read | E26: Shipment_Test_Data.xlsx | F26: MATCHED | G26: 34.22 | H26: =IF(ISBLANK(MIS!O26),0,MIS!O26) | I26: =IF(G26="","",ROUND(G26-H26,2)) | J26: =IF(G26="","",IF(I26<-1,"Overcharged",IF(I26>1,"Undercharged","Within tolerance")))
A27: MTC-026 | B27: 88800000000026 | C27: Payment written as 'cod' / 'Prepaid' | D27: Payment compared ignoring case | E27: Shipment_Test_Data.xlsx | F27: MATCHED | G27: 41.3 | H27: =IF(ISBLANK(MIS!O27),0,MIS!O27) | I27: =IF(G27="","",ROUND(G27-H27,2)) | J27: =IF(G27="","",IF(I27<-1,"Overcharged",IF(I27>1,"Undercharged","Within tolerance")))
A28: MTC-027 | B28: 88800000000027 | C28: Shipment status in capitals 'DELIVERED' | D28: Status compared ignoring case | E28: Shipment_Test_Data.xlsx | F28: MATCHED | G28: 23.6 | H28: =IF(ISBLANK(MIS!O28),0,MIS!O28) | I28: =IF(G28="","",ROUND(G28-H28,2)) | J28: =IF(G28="","",IF(I28<-1,"Overcharged",IF(I28>1,"Undercharged","Within tolerance")))
A29: MTC-028 | B29: 88800000000028 | C29: AWB stored as a number in the MIS sheet | D29: Numeric AWB matches text AWB | E29: Shipment_Test_Data.xlsx | F29: MATCHED | G29: 25.96 | H29: =IF(ISBLANK(MIS!O29),0,MIS!O29) | I29: =IF(G29="","",ROUND(G29-H29,2)) | J29: =IF(G29="","",IF(I29<-1,"Overcharged",IF(I29>1,"Undercharged","Within tolerance")))
A30: MTC-029 | B30: 88800000000029 | C30: AWB with leading/trailing spaces in MIS | D30: AWB trimming | E30: Shipment_Test_Data.xlsx | F30: MATCHED | G30: 34.22 | H30: =IF(ISBLANK(MIS!O30),0,MIS!O30) | I30: =IF(G30="","",ROUND(G30-H30,2)) | J30: =IF(G30="","",IF(I30<-1,"Overcharged",IF(I30>1,"Undercharged","Within tolerance"))) | L30: The app trims spaces around the AWB, so this row should match the shipment normally.
A31: MTC-030 | B31: 88800000000030 | C31: MIS Cancelled vs shipment cancelled | D31: Non-delivered statuses compared by group | E31: Shipment_Test_Data.xlsx | F31: MATCHED | G31: 23.6 | H31: =IF(ISBLANK(MIS!O31),0,MIS!O31) | I31: =IF(G31="","",ROUND(G31-H31,2)) | J31: =IF(G31="","",IF(I31<-1,"Overcharged",IF(I31>1,"Undercharged","Within tolerance"))) | L31: Status matches by group; freight is still calculated.
A32: MTC-031 | B32: 88800000000031 | C32: Shipment file has the AWB twice (last row wins) | D32: Duplicate AWB inside shipment file | E32: Shipment_Test_Data.xlsx | F32: MATCHED | G32: 23.6 | H32: =IF(ISBLANK(MIS!O32),0,MIS!O32) | I32: =IF(G32="","",ROUND(G32-H32,2)) | J32: =IF(G32="","",IF(I32<-1,"Overcharged",IF(I32>1,"Undercharged","Within tolerance"))) | L32: Shipment file lists this AWB first as in_transit then as delivered. The last row should win.
A33: MTC-032 | B33: 88800000000032 | C33: Kwikship overcharged by Rs 10 | D33: Overcharge | E33: Shipment_Test_Data.xlsx | F33: FREIGHT_MISMATCH | G33: 25.96 | H33: =IF(ISBLANK(MIS!O33),0,MIS!O33) | I33: =IF(G33="","",ROUND(G33-H33,2)) | J33: =IF(G33="","",IF(I33<-1,"Overcharged",IF(I33>1,"Undercharged","Within tolerance")))
A34: MTC-033 | B34: 88800000000033 | C34: Kwikship overcharged by Rs 50 | D34: Overcharge (larger) | E34: Shipment_Test_Data.xlsx | F34: FREIGHT_MISMATCH | G34: 38.94 | H34: =IF(ISBLANK(MIS!O34),0,MIS!O34) | I34: =IF(G34="","",ROUND(G34-H34,2)) | J34: =IF(G34="","",IF(I34<-1,"Overcharged",IF(I34>1,"Undercharged","Within tolerance")))
A35: MTC-034 | B35: 88800000000034 | C35: Kwikship undercharged by Rs 10 | D35: Undercharge | E35: Shipment_Test_Data.xlsx | F35: FREIGHT_MISMATCH | G35: 34.22 | H35: =IF(ISBLANK(MIS!O35),0,MIS!O35) | I35: =IF(G35="","",ROUND(G35-H35,2)) | J35: =IF(G35="","",IF(I35<-1,"Overcharged",IF(I35>1,"Undercharged","Within tolerance")))
A36: MTC-035 | B36: 88800000000035 | C36: Rs 1.01 over calculated (just past tolerance) | D36: Tolerance boundary | E36: Shipment_Test_Data.xlsx | F36: FREIGHT_MISMATCH | G36: 23.6 | H36: =IF(ISBLANK(MIS!O36),0,MIS!O36) | I36: =IF(G36="","",ROUND(G36-H36,2)) | J36: =IF(G36="","",IF(I36<-1,"Overcharged",IF(I36>1,"Undercharged","Within tolerance")))
A37: MTC-036 | B37: 88800000000036 | C37: MIS Total Freight left blank | D37: Blank total treated as 0 | E37: Shipment_Test_Data.xlsx | F37: FREIGHT_MISMATCH | G37: 23.6 | H37: =IF(ISBLANK(MIS!O37),0,MIS!O37) | I37: =IF(G37="","",ROUND(G37-H37,2)) | J37: =IF(G37="","",IF(I37<-1,"Overcharged",IF(I37>1,"Undercharged","Within tolerance"))) | L37: Whole calculated freight shows as undercharged.
A38: MTC-037 | B38: 88800000000037 | C38: Kwikship forgot the COD charge | D38: Missing COD charge | E38: Shipment_Test_Data.xlsx | F38: FREIGHT_MISMATCH | G38: 43.66 | H38: =IF(ISBLANK(MIS!O38),0,MIS!O38) | I38: =IF(G38="","",ROUND(G38-H38,2)) | J38: =IF(G38="","",IF(I38<-1,"Overcharged",IF(I38>1,"Undercharged","Within tolerance")))
A39: MTC-038 | B39: 88800000000038 | C39: Kwikship charged COD on an RTO order | D39: COD on RTO overcharge | E39: Shipment_Test_Data.xlsx | F39: FREIGHT_MISMATCH | G39: 66.08 | H39: =IF(ISBLANK(MIS!O39),0,MIS!O39) | I39: =IF(G39="","",ROUND(G39-H39,2)) | J39: =IF(G39="","",IF(I39<-1,"Overcharged",IF(I39>1,"Undercharged","Within tolerance")))
A40: MTC-039 | B40: 88800000000039 | C40: Kwikship left out the RTO charge | D40: Missing RTO freight | E40: Shipment_Test_Data.xlsx | F40: FREIGHT_MISMATCH | G40: 75.52 | H40: =IF(ISBLANK(MIS!O40),0,MIS!O40) | I40: =IF(G40="","",ROUND(G40-H40,2)) | J40: =IF(G40="","",IF(I40<-1,"Overcharged",IF(I40>1,"Undercharged","Within tolerance")))
A41: MTC-040 | B41: 88800000000040 | C41: Kwikship did not add 18% GST | D41: GST missing | E41: Shipment_Test_Data.xlsx | F41: FREIGHT_MISMATCH | G41: 25.96 | H41: =IF(ISBLANK(MIS!O41),0,MIS!O41) | I41: =IF(G41="","",ROUND(G41-H41,2)) | J41: =IF(G41="","",IF(I41<-1,"Overcharged",IF(I41>1,"Undercharged","Within tolerance")))
A42: MTC-041 | B42: 88800000000041 | C42: Payment: MIS says COD, shipment says PREPAID | D42: Payment mismatch | E42: Shipment_Test_Data.xlsx | F42: PAYMENT_MISMATCH | G42: 23.6 | H42: =IF(ISBLANK(MIS!O42),0,MIS!O42) | I42: =IF(G42="","",ROUND(G42-H42,2)) | J42: =IF(G42="","",IF(I42<-1,"Overcharged",IF(I42>1,"Undercharged","Within tolerance")))
A43: MTC-042 | B43: 88800000000042 | C43: Payment: MIS says PREPAID, shipment says COD | D43: Payment mismatch (reverse) | E43: Shipment_Test_Data.xlsx | F43: PAYMENT_MISMATCH | G43: 43.66 | H43: =IF(ISBLANK(MIS!O43),0,MIS!O43) | I43: =IF(G43="","",ROUND(G43-H43,2)) | J43: =IF(G43="","",IF(I43<-1,"Overcharged",IF(I43>1,"Undercharged","Within tolerance")))
A44: MTC-043 | B44: 88800000000043 | C44: Status: MIS Delivered, shipment in_transit | D44: Status mismatch | E44: Shipment_Test_Data.xlsx | F44: STATUS_MISMATCH | G44: 23.6 | H44: =IF(ISBLANK(MIS!O44),0,MIS!O44) | I44: =IF(G44="","",ROUND(G44-H44,2)) | J44: =IF(G44="","",IF(I44<-1,"Overcharged",IF(I44>1,"Undercharged","Within tolerance")))
A45: MTC-044 | B45: 88800000000044 | C45: Status: MIS RTO, shipment delivered | D45: Status mismatch | E45: Shipment_Test_Data.xlsx | F45: STATUS_MISMATCH | G45: 25.96 | H45: =IF(ISBLANK(MIS!O45),0,MIS!O45) | I45: =IF(G45="","",ROUND(G45-H45,2)) | J45: =IF(G45="","",IF(I45<-1,"Overcharged",IF(I45>1,"Undercharged","Within tolerance")))
A46: MTC-045 | B46: 88800000000045 | C46: Status: MIS Delivered, shipment return_delivered | D46: return_delivered is not 'delivered' | E46: Shipment_Test_Data.xlsx | F46: STATUS_MISMATCH | G46: 66.08 | H46: =IF(ISBLANK(MIS!O46),0,MIS!O46) | I46: =IF(G46="","",ROUND(G46-H46,2)) | J46: =IF(G46="","",IF(I46<-1,"Overcharged",IF(I46>1,"Undercharged","Within tolerance"))) | L46: Freight is calculated as RTO because return_delivered counts as returned.
A47: MTC-046 | B47: 88800000000046 | C47: Zone: MIS says A, calculated zone is C | D47: Zone mismatch | E47: Shipment_Test_Data.xlsx | F47: ZONE_MISMATCH | G47: 34.22 | H47: =IF(ISBLANK(MIS!O47),0,MIS!O47) | I47: =IF(G47="","",ROUND(G47-H47,2)) | J47: =IF(G47="","",IF(I47<-1,"Overcharged",IF(I47>1,"Undercharged","Within tolerance")))
A48: MTC-047 | B48: 88800000000047 | C48: Zone: MIS says E, calculated zone is B | D48: Zone mismatch | E48: Shipment_Test_Data.xlsx | F48: ZONE_MISMATCH | G48: 25.96 | H48: =IF(ISBLANK(MIS!O48),0,MIS!O48) | I48: =IF(G48="","",ROUND(G48-H48,2)) | J48: =IF(G48="","",IF(I48<-1,"Overcharged",IF(I48>1,"Undercharged","Within tolerance")))
A49: MTC-048 | B49: 88800000000048 | C49: Weight: MIS 0.5 kg, shipment 600 g | D49: Weight slab mismatch | E49: Shipment_Test_Data.xlsx | F49: WEIGHT_MISMATCH | G49: 47.2 | H49: =IF(ISBLANK(MIS!O49),0,MIS!O49) | I49: =IF(G49="","",ROUND(G49-H49,2)) | J49: =IF(G49="","",IF(I49<-1,"Overcharged",IF(I49>1,"Undercharged","Within tolerance")))
A50: MTC-049 | B50: 88800000000049 | C50: Weight: MIS 0.5 kg, shipment 2.5 kg | D50: Weight slab mismatch (large) | E50: Shipment_Test_Data.xlsx | F50: WEIGHT_MISMATCH | G50: 129.8 | H50: =IF(ISBLANK(MIS!O50),0,MIS!O50) | I50: =IF(G50="","",ROUND(G50-H50,2)) | J50: =IF(G50="","",IF(I50<-1,"Overcharged",IF(I50>1,"Undercharged","Within tolerance")))
A51: MTC-050 | B51: 88800000000050 | C51: Weight: 501 g against MIS 0.5 kg | D51: Boundary: 501 g = 2 slabs | E51: Shipment_Test_Data.xlsx | F51: WEIGHT_MISMATCH | G51: 68.44 | H51: =IF(ISBLANK(MIS!O51),0,MIS!O51) | I51: =IF(G51="","",ROUND(G51-H51,2)) | J51: =IF(G51="","",IF(I51<-1,"Overcharged",IF(I51>1,"Undercharged","Within tolerance")))
A52: MTC-051 | B52: 88800000000051 | C52: Weight: MIS 1.5 kg, shipment 400 g | D52: Kwikship weight higher than actual | E52: Shipment_Test_Data.xlsx | F52: WEIGHT_MISMATCH | G52: 38.94 | H52: =IF(ISBLANK(MIS!O52),0,MIS!O52) | I52: =IF(G52="","",ROUND(G52-H52,2)) | J52: =IF(G52="","",IF(I52<-1,"Overcharged",IF(I52>1,"Undercharged","Within tolerance"))) | L52: Kwikship billed 3 slabs, actual is 1 slab: overcharge.
A53: MTC-052 | B53: 88800000000052 | C53: Priority: payment + status + zone + weight all wrong | D53: Payment mismatch wins | E53: Shipment_Test_Data.xlsx | F53: PAYMENT_MISMATCH | G53: 102.66 | H53: =IF(ISBLANK(MIS!O53),0,MIS!O53) | I53: =IF(G53="","",ROUND(G53-H53,2)) | J53: =IF(G53="","",IF(I53<-1,"Overcharged",IF(I53>1,"Undercharged","Within tolerance")))
A54: MTC-053 | B54: 88800000000053 | C54: Priority: status + zone + weight wrong | D54: Status mismatch wins | E54: Shipment_Test_Data.xlsx | F54: STATUS_MISMATCH | G54: 77.88 | H54: =IF(ISBLANK(MIS!O54),0,MIS!O54) | I54: =IF(G54="","",ROUND(G54-H54,2)) | J54: =IF(G54="","",IF(I54<-1,"Overcharged",IF(I54>1,"Undercharged","Within tolerance")))
A55: MTC-054 | B55: 88800000000054 | C55: Priority: zone + weight wrong | D55: Zone mismatch wins | E55: Shipment_Test_Data.xlsx | F55: ZONE_MISMATCH | G55: 116.82 | H55: =IF(ISBLANK(MIS!O55),0,MIS!O55) | I55: =IF(G55="","",ROUND(G55-H55,2)) | J55: =IF(G55="","",IF(I55<-1,"Overcharged",IF(I55>1,"Undercharged","Within tolerance")))
A56: MTC-055 | B56: 88800000000055 | C56: Priority: weight + freight wrong | D56: Weight mismatch wins | E56: Shipment_Test_Data.xlsx | F56: WEIGHT_MISMATCH | G56: 70.8 | H56: =IF(ISBLANK(MIS!O56),0,MIS!O56) | I56: =IF(G56="","",ROUND(G56-H56,2)) | J56: =IF(G56="","",IF(I56<-1,"Overcharged",IF(I56>1,"Undercharged","Within tolerance")))
A57: MTC-056 | B57: 88800000000056 | C57: Shipment lost | D57: LOST: claim order value | E57: Shipment_Test_Data.xlsx | F57: LOST | H57: =IF(ISBLANK(MIS!O57),0,MIS!O57) | I57: =IF(G57="","",ROUND(G57-H57,2)) | J57: =IF(G57="","",IF(I57<-1,"Overcharged",IF(I57>1,"Undercharged","Within tolerance"))) | K57: 1250
A58: MTC-057 | B58: 88800000000057 | C58: Shipment rto_initiated | D58: LOST: stuck RTO | E58: Shipment_Test_Data.xlsx | F58: LOST | H58: =IF(ISBLANK(MIS!O58),0,MIS!O58) | I58: =IF(G58="","",ROUND(G58-H58,2)) | J58: =IF(G58="","",IF(I58<-1,"Overcharged",IF(I58>1,"Undercharged","Within tolerance"))) | K58: 899
A59: MTC-058 | B59: 88800000000058 | C59: Shipment rto_in_transit | D59: LOST: stuck RTO | E59: Shipment_Test_Data.xlsx | F59: LOST | H59: =IF(ISBLANK(MIS!O59),0,MIS!O59) | I59: =IF(G59="","",ROUND(G59-H59,2)) | J59: =IF(G59="","",IF(I59<-1,"Overcharged",IF(I59>1,"Undercharged","Within tolerance"))) | K59: 649
A60: MTC-059 | B60: 88800000000059 | C60: Shipment rto_ndr | D60: LOST: stuck RTO | E60: Shipment_Test_Data.xlsx | F60: LOST | H60: =IF(ISBLANK(MIS!O60),0,MIS!O60) | I60: =IF(G60="","",ROUND(G60-H60,2)) | J60: =IF(G60="","",IF(I60<-1,"Overcharged",IF(I60>1,"Undercharged","Within tolerance"))) | K60: 1100
A61: MTC-060 | B61: 88800000000060 | C61: Shipment rto_cancelled | D61: LOST: stuck RTO | E61: Shipment_Test_Data.xlsx | F61: LOST | H61: =IF(ISBLANK(MIS!O61),0,MIS!O61) | I61: =IF(G61="","",ROUND(G61-H61,2)) | J61: =IF(G61="","",IF(I61<-1,"Overcharged",IF(I61>1,"Undercharged","Within tolerance"))) | K61: 720
A62: MTC-061 | B62: 88800000000061 | C62: Lost shipment with blank Order Value | D62: LOST with no claim amount | E62: Shipment_Test_Data.xlsx | F62: LOST | H62: =IF(ISBLANK(MIS!O62),0,MIS!O62) | I62: =IF(G62="","",ROUND(G62-H62,2)) | J62: =IF(G62="","",IF(I62<-1,"Overcharged",IF(I62>1,"Undercharged","Within tolerance"))) | K62: 0
A63: MTC-062 | B63: 88800000000062 | C63: Lost shipment while MIS says Delivered | D63: LOST beats status mismatch | E63: Shipment_Test_Data.xlsx | F63: LOST | H63: =IF(ISBLANK(MIS!O63),0,MIS!O63) | I63: =IF(G63="","",ROUND(G63-H63,2)) | J63: =IF(G63="","",IF(I63<-1,"Overcharged",IF(I63>1,"Undercharged","Within tolerance"))) | K63: 980
A64: MTC-063 | B64: 88800000000063 | C64: Lost shipment with blank MIS Mode | D64: LOST is decided before Mode is needed | E64: Shipment_Test_Data.xlsx | F64: LOST | H64: =IF(ISBLANK(MIS!O64),0,MIS!O64) | I64: =IF(G64="","",ROUND(G64-H64,2)) | J64: =IF(G64="","",IF(I64<-1,"Overcharged",IF(I64>1,"Undercharged","Within tolerance"))) | K64: 540
A65: MTC-064 | B65: 88800000000064 | C65: Lost shipment with an unmapped destination pincode | D65: Zone lookup happens before the LOST check | E65: Shipment_Test_Data.xlsx | F65: ZONE_NOT_FOUND | H65: =IF(ISBLANK(MIS!O65),0,MIS!O65) | I65: =IF(G65="","",ROUND(G65-H65,2)) | J65: =IF(G65="","",IF(I65<-1,"Overcharged",IF(I65>1,"Undercharged","Within tolerance"))) | L65: Zone cannot be resolved, so the row stops at ZONE_NOT_FOUND and is not counted as LOST.
A66: MTC-065 | B66: 88800000000065 | C66: AWB is not in the shipment data | D66: NO_API_DATA | E66: None - do NOT load this AWB | F66: NO_API_DATA | H66: =IF(ISBLANK(MIS!O66),0,MIS!O66) | I66: =IF(G66="","",ROUND(G66-H66,2)) | J66: =IF(G66="","",IF(I66<-1,"Overcharged",IF(I66>1,"Undercharged","Within tolerance")))
A67: MTC-066 | B67: 88800000000066 | C67: Destination pincode not in the zone map | D67: ZONE_NOT_FOUND | E67: Shipment_Test_Data.xlsx | F67: ZONE_NOT_FOUND | H67: =IF(ISBLANK(MIS!O67),0,MIS!O67) | I67: =IF(G67="","",ROUND(G67-H67,2)) | J67: =IF(G67="","",IF(I67<-1,"Overcharged",IF(I67>1,"Undercharged","Within tolerance")))
A68: MTC-067 | B68: 88800000000067 | C68: Pickup pincode is not a known hub | D68: ZONE_NOT_FOUND: unrecognised pickup | E68: Shipment_Test_Data.xlsx | F68: ZONE_NOT_FOUND | H68: =IF(ISBLANK(MIS!O68),0,MIS!O68) | I68: =IF(G68="","",ROUND(G68-H68,2)) | J68: =IF(G68="","",IF(I68<-1,"Overcharged",IF(I68>1,"Undercharged","Within tolerance")))
A69: MTC-068 | B69: 88800000000068 | C69: Destination pincode left blank | D69: ZONE_NOT_FOUND: missing destination | E69: Shipment_Test_Data.xlsx | F69: ZONE_NOT_FOUND | H69: =IF(ISBLANK(MIS!O69),0,MIS!O69) | I69: =IF(G69="","",ROUND(G69-H69,2)) | J69: =IF(G69="","",IF(I69<-1,"Overcharged",IF(I69>1,"Undercharged","Within tolerance"))) | L69: Some builds reject blank pincodes when loading shipments; if the shipment row is skipped this shows NO_API_DATA instead.
A70: MTC-069 | B70: 88800000000069 | C70: MIS Mode left blank | D70: RATE_NOT_FOUND: no Mode | E70: Shipment_Test_Data.xlsx | F70: RATE_NOT_FOUND | H70: =IF(ISBLANK(MIS!O70),0,MIS!O70) | I70: =IF(G70="","",ROUND(G70-H70,2)) | J70: =IF(G70="","",IF(I70<-1,"Overcharged",IF(I70>1,"Undercharged","Within tolerance")))
A71: MTC-070 | B71: 88800000000070 | C71: MIS Mode is an unknown value (ROAD) | D71: RATE_NOT_FOUND: unknown mode | E71: Shipment_Test_Data.xlsx | F71: RATE_NOT_FOUND | H71: =IF(ISBLANK(MIS!O71),0,MIS!O71) | I71: =IF(G71="","",ROUND(G71-H71,2)) | J71: =IF(G71="","",IF(I71<-1,"Overcharged",IF(I71>1,"Undercharged","Within tolerance")))
A72: MTC-071 | B72: 88800000000071 | C72: Bluedart on AIR mode (no Bluedart air rates) | D72: RATE_NOT_FOUND: missing rate lane | E72: Shipment_Test_Data.xlsx | F72: RATE_NOT_FOUND | H72: =IF(ISBLANK(MIS!O72),0,MIS!O72) | I72: =IF(G72="","",ROUND(G72-H72,2)) | J72: =IF(G72="","",IF(I72<-1,"Overcharged",IF(I72>1,"Undercharged","Within tolerance")))
A73: MTC-072 | B73: 88800000000072 | C73: Same AWB appears twice in the MIS file | D73: Duplicate AWB inside MIS | E73: Shipment_Test_Data.xlsx | F73: MATCHED | G73: 25.96 | H73: =IF(ISBLANK(MIS!O73),0,MIS!O73) | I73: =IF(G73="","",ROUND(G73-H73,2)) | J73: =IF(G73="","",IF(I73<-1,"Overcharged",IF(I73>1,"Undercharged","Within tolerance"))) | L73: Two MIS rows share this AWB. Note whether the app shows one or two result rows.
A74: MTC-072b | B74: 88800000000072 | C74: Same AWB appears twice in the MIS file (second copy) | D74: Duplicate AWB inside MIS | E74: Shipment_Test_Data.xlsx | F74: MATCHED | G74: 25.96 | H74: =IF(ISBLANK(MIS!O74),0,MIS!O74) | I74: =IF(G74="","",ROUND(G74-H74,2)) | J74: =IF(G74="","",IF(I74<-1,"Overcharged",IF(I74>1,"Undercharged","Within tolerance"))) | L74: Duplicate copy of the row above.
A75: MTC-073 | B75: 88800000000073 | C75: Pickup given as address ending with 560076 | D75: Pincode extracted from address (Bangalore) | E75: Shipment_Test_Data_AddressPickup.xlsx | F75: MATCHED | G75: 23.6 | H75: =IF(ISBLANK(MIS!O75),0,MIS!O75) | I75: =IF(G75="","",ROUND(G75-H75,2)) | J75: =IF(G75="","",IF(I75<-1,"Overcharged",IF(I75>1,"Undercharged","Within tolerance")))
A76: MTC-074 | B76: 88800000000074 | C76: Pickup given as address ending with 134102 | D76: Pincode extracted from address (Pinjore) | E76: Shipment_Test_Data_AddressPickup.xlsx | F76: MATCHED | G76: 25.96 | H76: =IF(ISBLANK(MIS!O76),0,MIS!O76) | I76: =IF(G76="","",ROUND(G76-H76,2)) | J76: =IF(G76="","",IF(I76<-1,"Overcharged",IF(I76>1,"Undercharged","Within tolerance")))
A77: MTC-075 | B77: 88800000000075 | C77: Pickup address with no pincode at all | D77: Address without a pincode | E77: Shipment_Test_Data_AddressPickup.xlsx | F77: ZONE_NOT_FOUND | H77: =IF(ISBLANK(MIS!O77),0,MIS!O77) | I77: =IF(G77="","",ROUND(G77-H77,2)) | J77: =IF(G77="","",IF(I77<-1,"Overcharged",IF(I77>1,"Undercharged","Within tolerance")))

Sheet Guide
A1: MIS test file - how to use
A2: What this is | B2: 76 MIS rows, one scenario per row, built in the same column layout as a real Kwikship MIS file. Each row has a known correct outcome listed on the 'Expected Results' sheet.
A3: Step 1 | B3: In the app open 'Upload Shipment Data' and upload Shipment_Test_Data.xlsx. Then upload Shipment_Test_Data_AddressPickup.xlsx (3 rows that test pincode-from-address).
A4: Step 2 | B4: Make sure the rate card and both zone maps are loaded (Bangalore 560076 and Pinjore 134102). The expected values below assume the standard Schedule B card.
A5: Step 3 | B5: Open 'MIS Upload' and upload THIS file. Only the first sheet ('MIS') is read; the other sheets are ignored by the app.
A6: Step 4 | B6: Click 'Run reconciliation'. Open the run and search each AWB (or use the filters).
A7: Step 5 | B7: On 'Expected Results' type what the app shows into 'Actual result' and choose Pass or Fail. Compare the totals below with the run's summary tiles.
A8: Why it works | B8: All AWBs start with 888 so they will not clash with real shipments. Pincodes and zones were taken from your live zone maps. Kwikship 'billed' amounts on the MIS sheet were calculated with the rate card and then changed on purpose in the error scenarios.
A9: Cleanup | B9: Test data stays in the database. Delete the test run from Reconciliation Runs when done. The 888... AWBs can stay in shipment data; they never appear in real MIS files.
A11: Expected totals for this run
A12: Result | B12: Expected count | C12: Actual (from app) | D12: Match?
A13: MATCHED | B13: =COUNTIF('Expected Results'!$F$2:$F$77,A13) | D13: =IF(C13="","",IF(C13=B13,"OK","Different"))
A14: FREIGHT_MISMATCH | B14: =COUNTIF('Expected Results'!$F$2:$F$77,A14) | D14: =IF(C14="","",IF(C14=B14,"OK","Different"))
A15: PAYMENT_MISMATCH | B15: =COUNTIF('Expected Results'!$F$2:$F$77,A15) | D15: =IF(C15="","",IF(C15=B15,"OK","Different"))
A16: STATUS_MISMATCH | B16: =COUNTIF('Expected Results'!$F$2:$F$77,A16) | D16: =IF(C16="","",IF(C16=B16,"OK","Different"))
A17: ZONE_MISMATCH | B17: =COUNTIF('Expected Results'!$F$2:$F$77,A17) | D17: =IF(C17="","",IF(C17=B17,"OK","Different"))
A18: WEIGHT_MISMATCH | B18: =COUNTIF('Expected Results'!$F$2:$F$77,A18) | D18: =IF(C18="","",IF(C18=B18,"OK","Different"))
A19: LOST | B19: =COUNTIF('Expected Results'!$F$2:$F$77,A19) | D19: =IF(C19="","",IF(C19=B19,"OK","Different"))
A20: NO_API_DATA | B20: =COUNTIF('Expected Results'!$F$2:$F$77,A20) | D20: =IF(C20="","",IF(C20=B20,"OK","Different"))
A21: ZONE_NOT_FOUND | B21: =COUNTIF('Expected Results'!$F$2:$F$77,A21) | D21: =IF(C21="","",IF(C21=B21,"OK","Different"))
A22: RATE_NOT_FOUND | B22: =COUNTIF('Expected Results'!$F$2:$F$77,A22) | D22: =IF(C22="","",IF(C22=B22,"OK","Different"))
A23: TOTAL rows | B23: =SUM(B13:B22) | C23: =IF(COUNT(C13:C22)=0,"",SUM(C13:C22))
A25: Money and claims
A26: Measure | B26: Expected | C26: Actual (from app) | D26: Match?
A27: Matched (summary tile) | B27: =B13 | D27: =IF(C27="","",IF(ROUND(C27-B27,2)=0,"OK","Different"))
A28: Mismatched (summary tile - includes the LOST rows) | B28: =SUM(B13:B22)-B13-B20 | D28: =IF(C28="","",IF(ROUND(C28-B28,2)=0,"OK","Different"))
A29: No API data (summary tile) | B29: =B20 | D29: =IF(C29="","",IF(ROUND(C29-B29,2)=0,"OK","Different"))
A30: Overcharged rows (Kwikship owes you) - count | B30: =COUNTIFS('Expected Results'!$J$2:$J$77,"Overcharged") | D30: =IF(C30="","",IF(ROUND(C30-B30,2)=0,"OK","Different"))
A31: Overcharged amount (Rs) | B31: =-SUMIFS('Expected Results'!$I$2:$I$77,'Expected Results'!$J$2:$J$77,"Overcharged") | D31: =IF(C31="","",IF(ROUND(C31-B31,2)=0,"OK","Different"))
A32: Undercharged rows (you may owe) - count | B32: =COUNTIF('Expected Results'!$J$2:$J$77,"Undercharged") | D32: =IF(C32="","",IF(ROUND(C32-B32,2)=0,"OK","Different"))
A33: Undercharged amount (Rs) | B33: =SUMIFS('Expected Results'!$I$2:$I$77,'Expected Results'!$J$2:$J$77,"Undercharged") | D33: =IF(C33="","",IF(ROUND(C33-B33,2)=0,"OK","Different"))
A34: Lost rows | B34: =COUNTIF('Expected Results'!$F$2:$F$77,"LOST") | D34: =IF(C34="","",IF(ROUND(C34-B34,2)=0,"OK","Different"))
A35: Total claimable (Rs) | B35: =SUM('Expected Results'!$K$2:$K$77) | D35: =IF(C35="","",IF(ROUND(C35-B35,2)=0,"OK","Different"))
A36: Note: the money figures only count rows the app can price. A real run compares to these only if this is the only MIS you reconcile for the test.
A38: Rate card used (blue = input)
A39: Group / mode / type | B39: A | C39: B | D39: C | E39: D | F39: E
A40: ALL / SURFACE / Forward | B40: 20 | C40: 22 | D40: 29 | E40: 33 | F40: 39
A41: ALL / SURFACE / RTO | B41: 18 | C41: 20 | D41: 27 | E41: 31 | F41: 37
A42: ALL / AIR / Forward | B42: 25 | C42: 29 | D42: 41 | E42: 50 | F42: 80
A43: ALL / AIR / RTO | B43: 25 | C43: 29 | D43: 41 | E43: 50 | F43: 80
A44: ALL / NDD / Forward | B44: 27 | C44: 32 | D44: 45 | E44: 55 | F44: 0
A45: ALL / NDD / RTO | B45: 27 | C45: 32 | D45: 45 | E45: 55 | F45: 0
A46: BLUEDART / SURFACE / Forward | B46: 24 | C46: 26 | D46: 34 | E46: 39 | F46: 46
A47: BLUEDART / SURFACE / RTO | B47: 22 | C47: 24 | D47: 32 | E47: 37 | F47: 44
A48: COD: Surface flat 15 / 1.1%; Air and NDD flat 28 / 1.5%. Slab 0.5 kg. GST 18%. Tolerance Rs 1. Source: Schedule_B_Commercials_Pricing.xlsx as loaded in the app.
